"HGMD.ID","Date","Quality","chrom.type","ms.instrument.ID","column.ID","column.type","ion.mode","ms.mode","gnps.task.ID","Raw Data Folder","Processed Data Folder","Method Location","Notes","L1.Standards","L2.Spec.Matches","L3.Propagations","L4.Class.Annotations","L5.Unknowns"
"HGMD_0001","2024-02-08","NA","GC","TQ8050-02","Unknown","Unknown","Unknown","MRM","NA","X:\MA_Instruments\GCQQQ_TQ8050_02\GCMSsolution\Data\Microbiome\20240208_NAD_Extraction_Efficiency_Comparison_And_Loading","NA","X:\MA_Instruments\GCQQQ_TQ8050_02\GCMSsolution\Data\Microbiome\20240208_NAD_Extraction_Efficiency_Comparison_And_Loading\20240205_OA_TMS_DB5_37min_V5_MRM_SPLIT.qgm",NA,NA,NA,NA,NA,NA
"HGMD_0002","2024-02-09","NA","LC","IDX1","Unknown","HILIC","neg","MS","NA","X:\MA_Instruments\LCORBI_IDX_1\D\2024\Microbiome\2024-02-09_MC01_01","Y:\MA_BPA_Microbiome\LCMS data\HGMD_0002_MC1-1","Y:\MA_BPA_Microbiome\LCMS data\HGMD_0002_MC1-1\20231124_pHILIC_neg_MS1_MRS_65-250mz_195-1400mz_R240k_Switcher_VIALS_2a0f703e-0cec-492a-b440-3e3e5b046bef.meth","Old naming conventions",NA,NA,NA,NA,NA
"HGMD_0003","2024-02-26","NA","LC","TimsTOF-01","HGMC_0001","C18","pos","MS/MS","NA","X:\TempTrial\LC_TimsTOF_01\2024-02-26_MC-01-01_Fecal_prelim_C18_3D_pos","Y:\MA_BPA_Microbiome\LCMS data\HGMD_0003","Y:\MA_BPA_Microbiome\LCMS data\HGMD_0003\data\A1-1_G-B1_1_2218.d\2218.m","Old MC separation method, no cal",NA,NA,NA,NA,NA
"HGMD_0004","2024-02-27","NA","LC","TimsTOF-01","HGMC_0001","C18","pos","Tims","NA","X:\TempTrial\LC_TimsTOF_01\2024-02-27_MC-01-01_Fecal_prelim_C18_4D_pos","Y:\MA_BPA_Microbiome\LCMS data\HGMD_0004","Y:\MA_BPA_Microbiome\LCMS data\HGMD_0004\data\A1-1_PRmeth_G-B1_1_2223.d\2223.m","PR 20 min separation method, no cal",NA,NA,NA,NA,NA
"HGMD_0005","2024-02-28","Bad","LC","TimsTOF-01","HGMC_0002","HILIC","neg","MS/MS","NA","X:\TempTrial\LC_TimsTOF_01\2024-02-28_MC-02-01_Fecal_prelim_HILIC_3D_neg","Y:\MA_BPA_Microbiome\LCMS data\HGMD_0005","Y:\MA_BPA_Microbiome\LCMS data\HGMD_0005\A1-2_neg_5uL_G-C1_1_2267.d\2267.m\backup-2024-02-28.m","No Cal",NA,NA,NA,NA,NA
"HGMD_0006","2024-02-28","Bad","LC","TimsTOF-01","HGMC_0002","HILIC","neg","Tims","NA","X:\TempTrial\LC_TimsTOF_01\2024-02-28_MC-02-01_Fecal_prelim_HILIC_3D_neg","NA","X:\TempTrial\LC_TimsTOF_01\2024-02-28_MC-02-01_Fecal_prelim_HILIC_3D_neg\A1-2_neg_5uL_G-C1_1_2267.d\2267.m","No Cal",NA,NA,NA,NA,NA
"HGMD_0007","2024-03-05","NA","LC","TimsTOF-01","HGMC_0002","HILIC","neg","MS/MS","NA","X:\TempTrial\LC_TimsTOF_01\2024-03-05_MC-01-01_Fecal_prelim_HILIC_3D_neg","NA","X:\TempTrial\LC_TimsTOF_01\2024-03-05_MC-01-01_Fecal_prelim_HILIC_3D_neg\A1-2_neg_5uL_G-C1_1_2283.d\2283.m",NA,NA,NA,NA,NA,NA
"HGMD_0008","2024-03-20","NA","LC","TimsTOF-01","HGMC_0001","C18","pos","MS/MS","NA","X:\TempTrial\LC_TimsTOF_01\2024-03-20_mc1-5a_POS_C18","Y:\MA_BPA_Microbiome\LCMS data\HGMD_0008_MC01-5A_SPE_Pos","Y:\MA_BPA_Microbiome\LCMS data\HGMD_0008_MC01-5A_SPE_Pos\MC01_5A_5ME_B-F2_1_2444.d\2444.m",NA,NA,NA,NA,NA,NA
"HGMD_0009","2024-04-03","NA","LC","TimsTOF-01","HGMC_0001","C18","pos","MS/MS","NA","X:\TempTrial\LC_TimsTOF_01\2024-04-03_MC01-7_semiprep_C18_3D_pos","NA","X:\TempTrial\LC_TimsTOF_01\2024-04-03_MC01-7_semiprep_C18_3D_pos\Blank1_G-A1_1_2514.d\2514.m",NA,NA,NA,NA,NA,NA
"HGMD_0010","2024-04-11","NA","LC","TimsTOF-01","HGMC_0003","SCX","pos","MS/MS","NA","X:\TempTrial\LC_TimsTOF_01\2024-04-09_MC01-9_SCX_SPE_SCX-LCMS_3D_pos","Y:\MA_BPA_Microbiome\LCMS data\HGMD_0010_MC01-9_SCX_SPE_SCX-LCMS_3D_pos","Y:\MA_BPA_Microbiome\LCMS data\HGMD_0010_MC01-9_SCX_SPE_SCX-LCMS_3D_pos\data\HGMA0138_G-A2_1_2539.d\2539.m",NA,NA,NA,NA,NA,NA
"HGMD_0011","2024-04-18","Bad","LC","LCQTOF_6545B_03","HGMC_0004","C18","pos","MS/MS","NA","X:\MA_Instruments\LCQTOF_6545B_03\MassHunter\Data\Microbiome\20240419_MC","Y:\MA_BPA_Microbiome\LCMS data\HGMD_0011_FAULTY_MSMS_METHOD","X:\MA_Instruments\LCQTOF_6545B_03\MassHunter\Methods\Michael\20240417_C18_Poroshell_17min_5-100%.m","Faulty MS/MS method",NA,NA,NA,NA,NA
"HGMD_0012","2024-05-02","Bad","LC","LCQTOF_6545B_03","HGMC_0004","C18","pos","MS/MS","NA","X:\MA_Instruments\LCQTOF_6545B_03\MassHunter\Data\Microbiome\2024-05-02_MC","Y:\MA_BPA_Microbiome\LCMS data\HGMD_0012","X:\MA_Instruments\LCQTOF_6545B_03\MassHunter\Methods\Michael\20240502_C18_Poroshell_17min_10-100ACN_MS2_adjusted_V5.m","Faulty MS/MS method",NA,NA,NA,NA,NA
"HGMD_0013","2024-05-06","Bad","LC","LCQTOF_6545B_03","HGMC_0004","C18","pos","MS/MS","NA","X:\MA_Instruments\LCQTOF_6545B_03\MassHunter\Data\Microbiome\2024-05-06_PR","Y:\MA_BPA_Microbiome\LCMS data\HGMD_0013","X:\MA_Instruments\LCQTOF_6545B_03\MassHunter\Methods\Michael\20240503_C18_17min_10-100ACN_MSMS.m","Faulty MS/MS method",NA,NA,NA,NA,NA
"HGMD_0014","2024-05-06","Bad","LC","LCQTOF_6545B_03","HGMC_0004","C18","pos","MS/MS","NA","X:\MA_Instruments\LCQTOF_6545B_03\MassHunter\Data\Microbiome\2024-05-06_MC","Y:\MA_BPA_Microbiome\LCMS data\HGMD_0014_FAULTY_MSMS_METHOD","X:\MA_Instruments\LCQTOF_6545B_03\MassHunter\Methods\Michael\20240503_C18_17min_10-100ACN_MSMS.m","Faulty MS/MS method",NA,NA,NA,NA,NA
"HGMD_0015","2024-05-07","Bad","LC","LCQTOF_6545B_03","HGMC_0004","C18","pos","MS/MS","NA","X:\MA_Instruments\LCQTOF_6545B_03\MassHunter\Data\Microbiome\20240417_PR","Y:\MA_BPA_Microbiome\LCMS data\HGMD_0015","X:\MA_Instruments\LCQTOF_6545B_03\MassHunter\Methods\Michael\20240417_C18_Poroshell_17min_5-100%.m","Faulty MS/MS method",NA,NA,NA,NA,NA
"HGMD_0016","2024-05-08","Bad","LC","LCQTOF_6545B_03","HGMC_0004","C18","pos","MS/MS","NA","X:\MA_Instruments\LCQTOF_6545B_03\MassHunter\Data\Microbiome\2024-05-08_MC","Y:\MA_BPA_Microbiome\LCMS data\HGMD_0016_MC_FAULTY_MSMS_METHOD","X:\MA_Instruments\LCQTOF_6545B_03\MassHunter\Methods\Michael\20240503_C18_17min_10-100ACN_MSMS.m","Faulty MS/MS method",NA,NA,NA,NA,NA
"HGMD_0017","2024-05-15","Bad","LC","LCQTOF_6545B_03","HGMC_0004","C18","pos","MS/MS","NA","X:\MA_Instruments\LCQTOF_6545B_03\MassHunter\Data\Microbiome\2024-05-15_MC","Y:\MA_BPA_Microbiome\LCMS data\HGMD_0017","X:\MA_Instruments\LCQTOF_6545B_03\MassHunter\Methods\Michael\20240503_C18_17min_10-100ACN_MSMS.m","Faulty MS/MS method",NA,NA,NA,NA,NA
"HGMD_0018","2024-05-16","Bad","LC","LCQTOF_6545B_03","HGMC_0004","C18","pos","MS/MS","NA","X:\MA_Instruments\LCQTOF_6545B_03\MassHunter\Data\Microbiome\2024-05-16_PR","Y:\MA_BPA_Microbiome\LCMS data\HGMD_0018_Crude_Ex_on_QTOF_FAULTY_MSMS_METHOD","X:\MA_Instruments\LCQTOF_6545B_03\MassHunter\Methods\Michael\20240503_C18_17min_10-100ACN_MSMS.m","Faulty MS/MS method",NA,NA,NA,NA,NA
"HGMD_0019","2024-05-20","Bad","LC","LCQTOF_6545B_03","HGMC_0004","C18","pos","MS/MS","NA","X:\MA_Instruments\LCQTOF_6545B_03\MassHunter\Data\Microbiome\2024-05-20_MC","Y:\MA_BPA_Microbiome\LCMS data\HGMD_0019_MC_r_FAULTY_MSMS_METHOD","X:\MA_Instruments\LCQTOF_6545B_03\MassHunter\Methods\Michael\20240515_C18_Poroshell_17min_10-100ACN.m","Repeats are less overloaded",NA,NA,NA,NA,NA
"HGMD_0020","2024-05-22","NA","LC","LCQTOF_6545B_03","HGMC_0004","C18","pos","MS/MS","NA","X:\MA_Instruments\LCQTOF_6545B_03\MassHunter\Data\Microbiome\2024-05-22_MC","Y:\MA_BPA_Microbiome\LCMS data\HGMD_0020_PR1-9","X:\MA_Instruments\LCQTOF_6545B_03\MassHunter\Methods\Michael\20240522_C18_17min_10-100ACN_MSMS.m","Analysis on 21/05/2022 is on faulty MS/MS method, but 22/05 is good!",NA,NA,NA,NA,NA
"HGMD_0021","2024-05-23","Old-Good","LC","LCQQQ_6490_03","Unknown","C18","pos/neg","MRM","NA","X:\MA_Instruments\LCQQQ_6490_03\MassHunter\Data\Data 2024\240530_AS-541_AS-834_HGMA_Study","Y:\MA_BPA_Microbiome\LCMS data\HGMD_0021_PR9-3-9-6_SCFA","Y:\MA_BPA_Microbiome\LCMS data\HGMD_0021_PR9-3-9-6_SCFA\data\Blank_01.d\AcqData\SCFA_20240529_Biosci_6490.m","SCFA Analysis",NA,NA,NA,NA,NA
"HGMD_0022","2024-05-23","NA","LC","LCQTOF_6545B_03","HGMC_0004","C18","pos","MS/MS","NA","X:\MA_Instruments\LCQTOF_6545B_03\MassHunter\Data\Microbiome\2024-05-23_MC","Y:\MA_BPA_Microbiome\LCMS data\HGMD_0022_PR1-18_fractions","X:\MA_Instruments\LCQTOF_6545B_03\MassHunter\Methods\Michael\20240522_C18_17min_10-100ACN_MSMS.m",NA,NA,NA,NA,NA,NA
"HGMD_0023","2024-05-29","NA","LC","LCQTOF_6545B_03","HGMC_0004","C18","pos","MS/MS","NA","X:\MA_Instruments\LCQTOF_6545B_03\MassHunter\Data\Microbiome\2024-05-29_MC","Y:\MA_BPA_Microbiome\LCMS data\HGMD_0023","X:\MA_Instruments\LCQTOF_6545B_03\MassHunter\Methods\Michael\20240522_C18_17min_10-100ACN_MSMS.m",NA,NA,NA,NA,NA,NA
"HGMD_0024","2024-02-08","Old-Good","LC","GCQQQ_TQ8050_03","SPME-ARROW","Unknown","Unknown","MRM","NA","X:\MA_Instruments\GCQQQ_TQ8050_03\Data\Microbiome\20240208_NAD_MA-Microbiome_Extraction_efficiency","NA","Unknown",NA,NA,NA,NA,NA,NA
"HGMD_0025","2024-06-03","NA","LC","LCQTOF_6545B_03","HGMC_0004","C18","pos","MS/MS","NA","X:\MA_Instruments\LCQTOF_6545B_03\MassHunter\Data\Microbiome\2024-06-03_MC","Y:\MA_BPA_Microbiome\LCMS data\HGMD_0025","X:\MA_Instruments\LCQTOF_6545B_03\MassHunter\Methods\Michael\20240522_C18_17min_10-100ACN_MSMS.m",NA,NA,NA,NA,NA,NA
"HGMD_0026","2024-06-04","NA","LC","LCQTOF_6545B_03","HGMC_0004","C18","pos","MS/MS","NA","X:\MA_Instruments\LCQTOF_6545B_03\MassHunter\Data\Microbiome\2024-06-04_PR","Y:\MA_BPA_Microbiome\LCMS data\HGMD_0026","X:\MA_Instruments\LCQTOF_6545B_03\MassHunter\Methods\Michael\20240522_C18_17min_10-100ACN_MSMS.m","In CDCl3 600 uL",NA,NA,NA,NA,NA
"HGMD_0027","2024-03-28","Old-Good","IC","IDX2","AS11","SAX","neg","MS/MS","NA","X:\MA_Instruments\ICS_ORBI_IDX_2\D\Microbiome\240328_PR_TS_AcquireX_Fractions_Reveleris AS11HC-IDX2","Y:\MA_BPA_Microbiome\ICMS data\HGMD_0027_AcquireX_Fractions_Reveleris AS11HC-IDX2_MSMS","X:\MA_Instruments\ICS_ORBI_IDX_2\D\Microbiome\240328_PR_TS_AcquireX_Fractions_Reveleris AS11HC-IDX2\1\E1_HM\240328_200-2000mz_AQX_MS1_AS11-HC-2mm_Gradient1_ITTTemp300_VTemp225_MildTrapping_2000V_MRS240k_AXPMS_on_Tubes_AutoSamplerTemp-on.meth","MTBE extraction",NA,NA,NA,NA,NA
"HGMD_0028","2024-06-17","NA","LC","LCQTOF_6545B_03","HGMC_0004","C18","pos","MS/MS","NA","X:\MA_Instruments\LCQTOF_6545B_03\MassHunter\Data\Microbiome\2024-06-17_MC","Y:\MA_BPA_Microbiome\LCMS data\HGMD_0028_MC_1-22","X:\MA_Instruments\LCQTOF_6545B_03\MassHunter\Methods\Michael\20240522_C18_17min_10-100ACN_MSMS.m","Good to run on other methods",NA,NA,NA,NA,NA
"HGMD_0029","2024-06-25","Old-Good","VOC","GCQQQ_TQ8050_03","Unknown","Unknown","Unknown","MRM","NA","X:\MA_Instruments\GCQQQ_TQ8050_03\Data\Microbiome\20240624_NAD_MA-Microbiome_VOC","NA","Unknown","Good to run on other methods",NA,NA,NA,NA,NA
"HGMD_0030","2024-06-24","NA","LC","LCQTOF_6545B_03","HGMC_0004","C18","pos","MS/MS","8d14ddb19fe844d78544690aeeef7c59","X:\MA_Instruments\LCQTOF_6545B_03\MassHunter\Data\Microbiome\2024-06-24_MC","Y:\MA_BPA_Microbiome\LCMS data\HGMD_0030_PR1-12","X:\MA_Instruments\LCQTOF_6545B_03\MassHunter\Methods\Michael\20240522_C18_17min_10-100ACN_MSMS.m","614_1",NA,NA,NA,NA,NA
"HGMD_0031","2024-06-25","NA","LC","LCQTOF_6545B_03","HGMC_0004","C18","pos","MS/MS","NA","X:\MA_Instruments\LCQTOF_6545B_03\MassHunter\Data\Microbiome\2024-06-25_MC","Y:\MA_BPA_Microbiome\LCMS data\HGMD_0031","X:\MA_Instruments\LCQTOF_6545B_03\MassHunter\Methods\Michael\20240522_C18_17min_10-100ACN_MSMS.m",NA,NA,NA,NA,NA,NA
"HGMD_0032","2024-06-25","Old-Good","VOC","GCQQQ_TQ8050_03","Unknown","Unknown","Unknown","MRM","NA","X:\MA_Instruments\GCQQQ_TQ8050_03\Data\Microbiome\20240624_NAD_MA-Microbiome_VOC","Y:\MA_BPA_Microbiome\GCMS data\HGMD_0032_Extraction_efficiency_VOC","Unknown",NA,NA,NA,NA,NA,NA
"HGMD_0033","2024-06-27","Bad","GC","GCQQQ_TQ8050_01","Unknown","Unknown","Unknown","MRM","NA","X:\MA_Instruments\GCQQQ_TQ8050_01\GCMSsolution\Data\Microbiome\20240627_HGMA_loading","Y:\MA_BPA_Microbiome\GCMS data\HGMD_0033_HGMA_loading","Unknown","Take from PBQC",NA,NA,NA,NA,NA
"HGMD_0034","2024-06-28","NA","LC","LCQTOF_6545B_03","HGMC_0004","C18","pos","MS/MS","NA","X:\MA_Instruments\LCQTOF_6545B_03\MassHunter\Data\Microbiome\2024-06-28_MC-pos","Y:\MA_BPA_Microbiome\LCMS data\HGMD_0034","X:\MA_Instruments\LCQTOF_6545B_03\MassHunter\Methods\Michael\20240522_C18_17min_10-100ACN_MSMS.m",NA,NA,NA,NA,NA,NA
"HGMD_0035","2024-06-28","NA","LC","LCQTOF_6545B_03","HGMC_0004","C18","neg","MS/MS","NA","X:\MA_Instruments\LCQTOF_6545B_03\MassHunter\Data\Microbiome\2024-06-28_MC-pos","Y:\MA_BPA_Microbiome\LCMS data\HGMD_0035","X:\MA_Instruments\LCQTOF_6545B_03\MassHunter\Methods\Michael\20240628_C18_17min_10-100ACN_MSMS-NEG.m","neg data in same analytical folder",NA,NA,NA,NA,NA
"HGMD_0036","2024-07-02","NA","LC","LCQTOF_6545B_03","HGMC_0004","C18","pos","MS/MS","NA","X:\MA_Instruments\LCQTOF_6545B_03\MassHunter\Data\Microbiome\2024-07-02_MC","NA","X:\MA_Instruments\LCQTOF_6545B_03\MassHunter\Methods\Michael\20240522_C18_17min_10-100ACN_MSMS.m",NA,NA,NA,NA,NA,NA
"HGMD_0037","45467","NA","LC","LCQTOF_6545B_03","HGMC_0004","C18","pos","MS/MS","NA","NA","Y:\MA_BPA_Microbiome\LCMS data\HGMD_0037_Full_analysis_plus_bacteria","NA","Full Analysis plus bacteria",NA,NA,NA,NA,NA
"HGMD_0038","2024-07-04","Bad","IC","IDX2","AS11","SAX","neg","MS/MS","NA","X:\MA_Instruments\ICS_ORBI_IDX_2\D\Microbiome\2024-07-08_MC_Bacteria_and_Fecal","Y:\MA_BPA_Microbiome\ICMS data\HGMD_0038_Bacteria_and_Fecal","Y:\MA_BPA_Microbiome\ICMS data\HGMD_0038_Bacteria_and_Fecal\230418_AS11-HC-2mm_Gradient2_ITTTemp300_VTemp225_MildTrapping_2000V_MRS240k_AXPMS_on_Tubes_AutoSamplerTemp-on_LowGas_2d0b7464-6505-4cae-ba86-b10b3939a472",NA,NA,NA,NA,NA,NA
"HGMD_0039","2024-07-03","NA","LC","LCQTOF_6545B_03","HGMC_0004","C18","pos","MS/MS","NA","X:\MA_Instruments\LCQTOF_6545B_03\MassHunter\Data\Microbiome\2024-07-03_MC-pos","Y:\MA_BPA_Microbiome\LCMS data\HGMD_0039","X:\MA_Instruments\LCQTOF_6545B_03\MassHunter\Methods\Michael\20240522_C18_17min_10-100ACN_MSMS.m",NA,NA,NA,NA,NA,NA
"HGMD_0040","2024-07-04","NA","LC","LCQTOF_6545B_03","HGMC_0004","C18","pos","MS/MS","NA","X:\MA_Instruments\LCQTOF_6545B_03\MassHunter\Data\Microbiome\2024-07-04_MC","Y:\MA_BPA_Microbiome\LCMS data\HGMD_0040","X:\MA_Instruments\LCQTOF_6545B_03\MassHunter\Methods\Michael\20240522_C18_17min_10-100ACN_MSMS.m",NA,NA,NA,NA,NA,NA
"HGMD_0041","2024-07-05","NA","LC","LCQTOF_6545B_03","HGMC_0004","C18","pos","MS/MS","NA","X:\MA_Instruments\LCQTOF_6545B_03\MassHunter\Data\Microbiome\2024-07-05_PR","Y:\MA_BPA_Microbiome\LCMS data\HGMD_0041","X:\MA_Instruments\LCQTOF_6545B_03\MassHunter\Methods\Michael\20240522_C18_17min_10-100ACN_MSMS.m",NA,NA,NA,NA,NA,NA
"HGMD_0042","2024-07-11","NA","LC","LCQTOF_6545B_03","HGMC_0005","C18","pos","MS/MS","NA","X:\MA_Instruments\LCQTOF_6545B_03\MassHunter\Data\Microbiome\2024-07-11_MC","Y:\MA_BPA_Microbiome\LCMS data\HGMD_0042","X:\MA_Instruments\LCQTOF_6545B_03\MassHunter\Methods\Michael\20240522_C18_17min_10-100ACN_MSMS.m","Dried down on freezedryer and resuspended in 200 uL MeOH, now contains MTBE following extraction",NA,NA,NA,NA,NA
"HGMD_0043","2024-07-31","Bad","IC","IDX2","AS11","SAX","neg","AcquireX","0b19ebb906354c29ae6f891d1431b7df","X:\MA_Instruments\ICS_ORBI_IDX_2\D\Microbiome\240731_MC_Bacteria_Fecal_AQX","Y:\MA_BPA_Microbiome\ICMS data\HGMD_0045_Fecal-Bacterial-supernatant-pellet","Unknown","AcquireX of Bacteria and Fecal",NA,NA,NA,NA,NA
"HGMD_0044","2024-07-17","Bad","IC","IDX2","AS11","SAX","neg","MS","NA","X:\MA_Instruments\ICS_ORBI_IDX_2\D\Microbiome\2024-07-17_MC_Bacterial_Pellets","Y:\MA_BPA_Microbiome\ICMS data\HGMD_0044_Bacterial_Pellets","Y:\MA_BPA_Microbiome\ICMS data\HGMD_0044_Bacterial_Pellets\240716_AS11-HC-2mm_Gradient2_ITTTemp300_VTemp225_MildTrapping_2000V_MRS240k_AXPMS_on_Tubes_AutoSamplerTemp-on_LowGas_ca89734d-1706-4c53-bfef-6b535685844e.meth","MS1 of bacterial pellets",NA,NA,NA,NA,NA
"HGMD_0045","45505","NA","LC","LCQTOF_6545B_03","HGMC_0004","C18","pos","MS/MS","NA","NA","Y:\MA_BPA_Microbiome\LCMS data\HGMD_0045_Fecal-Bacterial-supernatant-pellet","NA","Fecal samples + bacterial supernatant and pellet",NA,NA,NA,NA,NA
"HGMD_0046","2024-07-15","NA","LC","LCQTOF_6545B_03","HGMC_0004","C18","pos","MS/MS","NA","X:\MA_Instruments\LCQTOF_6545B_03\MassHunter\Data\Microbiome\2024-07-15_PR","Y:\MA_BPA_Microbiome\LCMS data\HGMD_0046_PR01-19","X:\MA_Instruments\LCQTOF_6545B_03\MassHunter\Methods\Michael\20240522_C18_17min_10-100ACN_MSMS.m",NA,NA,NA,NA,NA,NA
"HGMD_0047","2024-07-25","NA","LC","LCQTOF_6545B_03","HGMC_0005","C18","pos","MS/MS","NA","X:\MA_Instruments\LCQTOF_6545B_03\MassHunter\Data\Microbiome\2024-07-25_PR","Y:\MA_BPA_Microbiome\LCMS data\HGMD_0047_PR01-31","X:\MA_Instruments\LCQTOF_6545B_03\MassHunter\Methods\Michael\20240522_C18_17min_10-100ACN_MSMS.m",NA,NA,NA,NA,NA,NA
"HGMD_0048","2024-07-25","NA","LC","LCQTOF_6545B_03","HGMC_0005","C18","pos","MS/MS","NA","X:\MA_Instruments\LCQTOF_6545B_03\MassHunter\Data\Microbiome\2024-07-25_MC","Y:\MA_BPA_Microbiome\LCMS data\HGMD_0048","X:\MA_Instruments\LCQTOF_6545B_03\MassHunter\Methods\Michael\20240522_C18_17min_10-100ACN_MSMS.m",NA,NA,NA,NA,NA,NA
"HGMD_0049","45701","Bad","LC","LCQQQ_TQ8060_02","HGMC_0024","C18","pos/neg","MRM","NA","X:\MA_Instruments\LCQQQ_TQ8060_02\D\LabSolutions\DATA\2025\20250212_Michael_SCFA_conc_HGMD_0049","NA","Y:\MA_BPA_Microbiome\Lipidomics data\HGMD_0074_SCFA\SCFA_OA_NEW.lcm","Rerun of HGMD_0074 but concentrated to X mL",NA,NA,NA,NA,NA
"HGMD_0050","2024-09-13","Unknown","LC","LC_ORBI_QE_01","HGMC_0005","C18","pos","MS/MS","bf1e093a0ad74b72b7d4a101ec245a5f","X:\MA_Instruments\LC_ORBI_QE_01\MA Gut Microbiome\2024\2024-09-13","Y:\MA_BPA_Microbiome\LCMS data\HGMD_0050_MC01-43","X:\MA_Instruments\LC_ORBI_QE_01\methods\Gut microbiome\C18Reversedphaseporoshell-pos_highgas.meth","SAX",NA,NA,NA,NA,NA
"HGMD_0051","2024-09-11","Unknown","LC","LC_ORBI_QE_01","HGMC_0005","C18","pos","MS/MS","b6850efcd8aa4d8b847ae255bdaadf95","X:\MA_Instruments\LC_ORBI_QE_01\MA Gut Microbiome\2024\2024-09-11","Y:\MA_BPA_Microbiome\LCMS data\HGMD_0051_MC1-37","X:\MA_Instruments\LC_ORBI_QE_01\methods\Gut microbiome\C18Reversedphaseporoshell-pos_highgas.meth",NA,NA,NA,NA,NA,NA
"HGMD_0052","2024-10-15","Bad","GC","GCQQQ_TQ8050_01","Unknown","Unknown","Unknown","MRM","NA","X:\MA_Instruments\GCQQQ_TQ8040\GCMSsolution\Data\Microbiome\20241015","Y:\MA_BPA_Microbiome\GCMS data\HGMD_0052","X:\MA_Instruments\LC_ORBI_QE_01\methods\Gut microbiome\C18Reversedphaseporoshell-pos.meth","Derivitisation didn't work. Try with less",NA,NA,NA,NA,NA
"HGMD_0053","2024-09-06","Bad","LC","LC_ORBI_QE_01","HGMC_0005","C18","pos","MS/MS","9ece43aff9e24807852bdbef9de05cc8","X:\MA_Instruments\LC_ORBI_QE_01\MA Gut Microbiome\2024\2024-09-06","Y:\MA_BPA_Microbiome\LCMS data\HGMD_0053_MC1-45-and-46","Unknown","Gas flow on QE not optimised",NA,NA,NA,NA,NA
"HGMD_0054","2024-09-13","Unknown","LC","LC_ORBI_QE_01","HGMC_0005","C18","pos","MS/MS","99f302d55dc74d6680ee53b37e0a2ab7","X:\MA_Instruments\LC_ORBI_QE_01\MA Gut Microbiome\2024\2024-09-13","Y:\MA_BPA_Microbiome\LCMS data\HGMD_0054_PR12","X:\MA_Instruments\LC_ORBI_QE_01\methods\Gut microbiome\C18Reversedphaseporoshell-pos_highgas.meth","Rerun of data",NA,NA,NA,NA,NA
"HGMD_0055","2024-09-20","Unknown","LC","LC_ORBI_QE_01","HGMC_0005","C18","pos","MS/MS","NA","X:\MA_Instruments\LC_ORBI_QE_01\MA Gut Microbiome\2024\2024-09-20","Y:\MA_BPA_Microbiome\LCMS data\HGMD_0055_PR1-37","X:\MA_Instruments\LC_ORBI_QE_01\methods\Gut microbiome\C18Reversedphaseporoshell-pos_highgas.meth",NA,NA,NA,NA,NA,NA
"HGMD_0056","2024-09-30","Bad","LC","LC_ORBI_QE_01","HGMC_0005","C18","pos","MS/MS","NA","X:\MA_Instruments\LC_ORBI_QE_01\MA Gut Microbiome\2024\2024-10-02","NA","X:\MA_Instruments\LC_ORBI_QE_01\methods\Gut microbiome\C18Reversedphaseporoshell-pos_highgas.meth","High background",NA,NA,NA,NA,NA
"HGMD_0057","2024-10-16","Bad","LC","LC_ORBI_QE_01","HGMC_0010","Phe-Hex","pos","MS/MS","NA","X:\MA_Instruments\LC_ORBI_QE_01\MA Gut Microbiome\2024\2024-10-16","NA","X:\MA_Instruments\LC_ORBI_QE_01\methods\Gut microbiome\C18Reversedphaseporoshell-pos_highgas.meth","High background",NA,NA,NA,NA,NA
"HGMD_0058","2024-10-24","Bad","LC","LC_ORBI_QE_01","HGMC_0010","Phe-Hex","pos","MS/MS","NA","X:\MA_Instruments\LC_ORBI_QE_01\MA Gut Microbiome\2024\2024-10-24","NA","X:\MA_Instruments\LC_ORBI_QE_01\methods\Gut microbiome\C18Reversedphaseporoshell-pos_highgas.meth","High background",NA,NA,NA,NA,NA
"HGMD_0059","2024-11-15","Bad","GC","GCQQQ_TQ8050_03","SPME-ARROW","Unknown","Unknown","MRM","NA","X:\MA_Instruments\GCQQQ_TQ8050_03\Data\Microbiome\20241114_NAD_HGMA_1285-1316","NA","X:\MA_Instruments\GCQQQ_TQ8050_03\Data\Microbiome\20241114_NAD_HGMA_1285-1316\20241106_Aroma_TQ_IC-Wax_1-5_MRM.qgm","Sample pre-dried and intensity too low",NA,NA,NA,NA,NA
"HGMD_0060","NA","NA","NA","NA","NA","NA","NA","NA","NA","NA","NA","NA",NA,NA,NA,NA,NA,NA
"HGMD_0061","2024-11-21","Unknown","LC","LC_ORBI_QE_01","HGMC_0010","Phe-Hex","pos","MS/MS","NA","X:\MA_Instruments\LC_ORBI_QE_01\MA Gut Microbiome\2024\2024-11-21b","Y:\MA_BPA_Microbiome\LCMS data\HGMD_0061","X:\MA_Instruments\LC_ORBI_QE_01\methods\Gut microbiome\Thermo\Reversed_phase_20_min_20241911.meth",NA,NA,NA,NA,NA,NA
"HGMD_0062","2024-11-22","Bad","GC","Unknown","Unknown","Unknown","Unknown","MRM","NA","X:\MA_Instruments\GCQQQ_TQ8050_01\GCMSsolution\Data\Microbiome\20241122_NAD_10-20_test-samples","NA","X:\MA_Instruments\GCQQQ_TQ8050_01\GCMSsolution\Data\Microbiome\20241122_NAD_10-20_test-samples\20241107_OA_TMS_DB5_37min_V6_MRM_SPLIT_615.qgm","test of bacterial supernatant",NA,NA,NA,NA,NA
"HGMD_0063","2024-11-22","Bad","LC","LC_ORBI_QE_01","HGMC_0010","Phe-Hex","pos","MS/MS","43f31f8b386c4338a305b3ade98f0f6e","X:\MA_Instruments\LC_ORBI_QE_01\MA Gut Microbiome\2024\2024-11-22_MC","Y:\MA_BPA_Microbiome\LCMS data\HGMD_0063_PR1-12","X:\MA_Instruments\LC_ORBI_QE_01\methods\Gut microbiome\Thermo\Reversed_phase_20_min_20241911.meth",NA,NA,NA,NA,NA,NA
"HGMD_0064","2024-11-22","Good","LC","LC_ORBI_QE_01","HGMC_0010","Phe-Hex","pos","MS/MS","312cefa6e2ff4cf1b5d5b1b2f3753975","X:\MA_Instruments\LC_ORBI_QE_01\MA Gut Microbiome\2024\2024-11-22b_MC","Y:\MA_BPA_Microbiome\LCMS data\HGMD_0064_MC1-57","X:\MA_Instruments\LC_ORBI_QE_01\methods\Gut microbiome\Thermo\Reversed_phase_20_min_20241911.meth",NA,NA,NA,NA,NA,NA
"HGMD_0065","2024-11-26","Good","LC","LC_ORBI_QE_01","HGMC_0010","Phe-Hex","pos","MS/MS","18f66f357c294d9aad9179a970708a82","X:\MA_Instruments\LC_ORBI_QE_01\MA Gut Microbiome\2024\2024-11-26_MC","Y:\MA_BPA_Microbiome\LCMS data\HGMD_0065_MC1-61","X:\MA_Instruments\LC_ORBI_QE_01\methods\Gut microbiome\Thermo\Reversed_phase_20_min_20241911.meth",NA,NA,NA,NA,NA,NA
"HGMD_0066","2024-11-26","Good","LC","LC_ORBI_QE_01","HGMC_0010","Phe-Hex","pos","MS/MS","3fe544a3dca24fa0937f6ede346b187b","X:\MA_Instruments\LC_ORBI_QE_01\MA Gut Microbiome\2024\2024-11-26_MC","Y:\MA_BPA_Microbiome\LCMS data\HGMD_0066_MC1-62","X:\MA_Instruments\LC_ORBI_QE_01\methods\Gut microbiome\Thermo\Reversed_phase_20_min_20241911.meth",NA,NA,NA,NA,NA,NA
"HGMD_0067","2024-11-27","Good","LC","LC_ORBI_QE_01","HGMC_0010","Phe-Hex","pos","MS/MS","eb6f1ed852a046e7b5dcb58a85f75cbb","X:\MA_Instruments\LC_ORBI_QE_01\MA Gut Microbiome\2024\2024-11-27_MC","Y:\MA_BPA_Microbiome\LCMS data\HGMD_0067_MC1-56","X:\MA_Instruments\LC_ORBI_QE_01\methods\Gut microbiome\Thermo\Reversed_phase_20_min_20241911.meth",NA,NA,NA,NA,NA,NA
"HGMD_0068","2024-11-27","Good","LC","LC_ORBI_QE_01","HGMC_0010","Phe-Hex","pos","MS/MS","76f863591bad4dbebceac06744087814","X:\MA_Instruments\LC_ORBI_QE_01\MA Gut Microbiome\2024\2024-11-27_MC","Y:\MA_BPA_Microbiome\LCMS data\HGMD_0068_MC1-63","X:\MA_Instruments\LC_ORBI_QE_01\methods\Gut microbiome\Thermo\Reversed_phase_20_min_20241911.meth",NA,NA,NA,NA,NA,NA
"HGMD_0069","2024-11-28","Good","LC","LC_ORBI_QE_01","HGMC_0010","Phe-Hex","pos","MS/MS","edec6c1ba4de4c4680268fa5738dc9fa","X:\MA_Instruments\LC_ORBI_QE_01\MA Gut Microbiome\2024\2024-11-28_MC","Y:\MA_BPA_Microbiome\LCMS data\HGMD_0069_MC1-49","X:\MA_Instruments\LC_ORBI_QE_01\methods\Gut microbiome\Thermo\Reversed_phase_20_min_20241911.meth",NA,NA,NA,NA,NA,NA
"HGMD_0070","2024-11-29","Good","LC","LC_ORBI_QE_01","HGMC_0010","Phe-Hex","pos","MS/MS","5254a962dcab40b8bfd887d8e629428c","X:\MA_Instruments\LC_ORBI_QE_01\MA Gut Microbiome\2024\2024-11-29_MC","Y:\MA_BPA_Microbiome\LCMS data\HGMD_0070_MC1-37","X:\MA_Instruments\LC_ORBI_QE_01\methods\Gut microbiome\Thermo\Reversed_phase_20_min_20241911.meth",NA,NA,NA,NA,NA,NA
"HGMD_0071","2024-12-12","Good","LC","LC_ORBI_QE_01","HGMC_0010","Phe-Hex","pos","MS/MS","f045b3a658364615b7b641d3e8577fe0","X:\MA_Instruments\LC_ORBI_QE_01\MA Gut Microbiome\2024\2024-12-12_MC","Y:\MA_BPA_Microbiome\LCMS data\HGMD_0071_AQ_all-reps","X:\MA_Instruments\LC_ORBI_QE_01\methods\Gut microbiome\Thermo\Reversed_phase_20_min_20241911.meth","All replicates of AQ",NA,NA,NA,NA,NA
"HGMD_0072","2024-12-18","Good","LC","LC_ORBI_QE_01","HGMC_0010b","Phe-Hex","pos","MS/MS","d79752ea37b244df9fb5e426754acf71","X:\MA_Instruments\LC_ORBI_QE_01\MA Gut Microbiome\2024\2024-08-19","Y:\MA_BPA_Microbiome\LCMS data\HGMD_0072","X:\MA_Instruments\LC_ORBI_QE_01\methods\Gut microbiome\Thermo\Reversed_phase_20_min_20241911.meth","Small-Scale TEST",NA,NA,NA,NA,NA
"HGMD_0073","2025-01-13","NA","LC","LCQQQ_TQ8060_02","HGMC_0023","C18","neg","MRM","NA","X:\MA_Instruments\LCQQQ_TQ8060_02\D\LabSolutions\DATA\2025\20250203_Michael_BileAcids","Y:\MA_BPA_Microbiome\Lipidomics data\HGMD_0073_Bile_acid_test","X:\MA_Instruments\LCQQQ_TQ8060_02\D\LabSolutions\DATA\2025\20250203_Michael_BileAcids\20250203_TQNX_Bile_Acids.lcm","Internal standard conc. too low. Salt suppression in HGMA_1629.",NA,NA,NA,NA,NA
"HGMD_0074","2025-01-13","Bad","LC","LCQQQ_TQ8060_02","HGMC_0024","C18","pos/neg","MRM","NA","X:\MA_Instruments\LCQQQ_TQ8060_02\D\LabSolutions\DATA\2025\20250211_Michael_SCFA_HGMD_0074","Y:\MA_BPA_Microbiome\Lipidomics data\HGMD_0074_SCFA","Y:\MA_BPA_Microbiome\Lipidomics data\HGMD_0074_SCFA\SCFA_OA_NEW.lcm",NA,NA,NA,NA,NA,NA
"HGMD_0075","45644","Good","LC","LC_ORBI_QE_01","HGMC_0010","Phe-Hex","pos","MS/MS","66e8215de3a54c19a2dc902a20934580","NA","Y:\MA_BPA_Microbiome\LCMS data\HGMD_0075_MC01-55+56+57+61+62+63_combined","X:\MA_Instruments\LC_ORBI_QE_01\methods\Gut microbiome\Thermo\Reversed_phase_20_min_20241911.meth","A combined analysis of DCM reveleris fractions",NA,NA,NA,NA,NA
"HGMD_0076","2024-09-11","Other","LC","LC_ORBI_QE_01","HGMC_0005","C18","pos","MS/MS","1544772a759d4135803e131476df259c","X:\MA_Instruments\LC_ORBI_QE_01\MA Gut Microbiome\2024\2024-09-11","Y:\MA_BPA_Microbiome\LCMS data\HGMD_0076_MC01-42","X:\MA_Instruments\LC_ORBI_QE_01\methods\Gut microbiome\Thermo\Reversed_phase_20_min_20241911.meth",NA,NA,NA,NA,NA,NA
"HGMD_0077","2024-10-15","NA","GC","GCQQQ_TQ8050_01","Unknown","Unknown","Unknown","MRM","NA","X:\MA_Instruments\GCQQQ_TQ8040\GCMSsolution\Data\Microbiome\20241015","Y:\MA_BPA_Microbiome\GCMS data\HGMD_0077_Ada_2D-3D","X:\MA_Instruments\GCQQQ_TQ8040\GCMSsolution\Data\Microbiome\20241015\20241004_OA_TMS_DB5_37min_V6_MRM_SPLIT_614.qgm","Not a HGM sample. Ada's 2D vs 3D cell comparison",NA,NA,NA,NA,NA
"HGMD_0078","2024-11-29","Good","LC","LC_ORBI_QE_01","HGMC_0010","Phe-Hex","pos","MS/MS","86bae04c3dc54714b28ce1215b4165ff","X:\MA_Instruments\LC_ORBI_QE_01\MA Gut Microbiome\2024\2024-11-29_MC_Crude","Y:\MA_BPA_Microbiome\LCMS data\HGMD_0078_Jordi_1_rep+Crude","X:\MA_Instruments\LC_ORBI_QE_01\methods\Gut microbiome\Thermo\Reversed_phase_20_min_20241911.meth","1 replicate of Reveleris fractions of Jordi + 1 crude DCM extract",NA,NA,NA,NA,NA
"HGMD_0079","45644","Good","LC","LC_ORBI_QE_01","HGMC_0010","Phe-Hex","pos","MS/MS","55476dee077b40f086e19216034b9558","X:\MA_Instruments\LC_ORBI_QE_01\MA Gut Microbiome\2024\2024-12-12_MC","Y:\MA_BPA_Microbiome\LCMS data\HGMD_0079_AQ_1Replicate_Analysis","X:\MA_Instruments\LC_ORBI_QE_01\methods\Gut microbiome\Thermo\Reversed_phase_20_min_20241911.meth","1 replicate of AQ",NA,NA,NA,NA,NA
"HGMD_0080","45336","Good","LC","LC_ORBI_QE_01","HGMC_0010","Phe-Hex","pos","MS/MS","eb59b94da32a4e4391581bb1c4deaa3b","X:\MA_Instruments\LC_ORBI_QE_01\MA Gut Microbiome\2025\HGMD_0080_20250214","Y:\MA_BPA_Microbiome\LCMS data\HGMD_0080_All DCM Fractions","X:\MA_Instruments\LC_ORBI_QE_01\methods\Gut microbiome\Thermo\Reversed_phase_20_min_20241911.meth","vvvvv!Script compatible!vvvvv All DCM phases",NA,NA,NA,NA,NA
"HGMD_0081","2025-02-04","NA","LC","LCQQQ_TQ8060_02","HGMC_0023","C18","neg","MRM","NA","X:\MA_Instruments\LCQQQ_TQ8060_02\D\LabSolutions\DATA\2025\20250204_Michael_BileAcids_2","Y:\MA_BPA_Microbiome\Lipidomics data\HGMD_0081_BileAcids_2","X:\MA_Instruments\LCQQQ_TQ8060_02\D\LabSolutions\DATA\2025\20250203_Michael_BileAcids\20250203_TQNX_Bile_Acids.lcm","Includes 2 crudes too.",NA,NA,NA,NA,NA
"HGMD_0082","45694","Good","LC","LC_ORBI_QE_01","HGMC_0010","Phe-Hex","pos","MS/MS","0556a9f01bf640c7bb8b165def6d0ce4","NA","Y:\MA_BPA_Microbiome\LCMS data\HGMD_0082_Combined_DCM_v2","X:\MA_Instruments\LC_ORBI_QE_01\methods\Gut microbiome\Thermo\Reversed_phase_20_min_20241911.meth",NA,NA,NA,NA,NA,NA
"HGMD_0083","2025-02-10","Other","LC","LCQQQ_TQ8060_02","HGMC_0023","C18","neg","MRM","NA","X:\MA_Instruments\LCQQQ_TQ8060_02\D\LabSolutions\DATA\2025\20250210_Michael_HGMD_0083","Y:\MA_BPA_Microbiome\Lipidomics data\HGMD_0083_Complete_Bile_acid_set","X:\MA_Instruments\LCQQQ_TQ8060_02\D\LabSolutions\DATA\2025\20250203_Michael_BileAcids\20250203_TQNX_Bile_Acids.lcm","Full suite of MC01-55 fractions for bile acids",NA,NA,NA,NA,NA
"HGMD_0084","45707","Good","LC","LC_ORBI_QE_01","HGMC_0010","Phe-Hex","pos","MS/MS","f1ca756ef8f84ecb9a8eeef42e35cf8a","X:\MA_Instruments\LC_ORBI_QE_01\MA Gut Microbiome\2025\HGMD_0084_20250219","Y:\MA_BPA_Microbiome\LCMS data\HGMD_0084_Small-scale_C18","X:\MA_Instruments\LC_ORBI_QE_01\methods\Gut microbiome\Thermo\Reversed_phase_20_min_20241911.meth","Small-scale fecal - C18",NA,NA,NA,NA,NA
"HGMD_0085","45713","Good","LC","LC_ORBI_QE_01","HGMC_0010","Phe-Hex","pos","MS/MS","4a2589ed398d453c928a71c290188690","X:\MA_Instruments\LC_ORBI_QE_01\MA Gut Microbiome\2025\HGMD_0085_20250225","Y:\MA_BPA_Microbiome\LCMS data\HGMD_0085_20250225","X:\MA_Instruments\LC_ORBI_QE_01\MA Gut Microbiome\2025\HGMD_0085_20250225\Reversed_phase_20_min_20241911_f8944be2-2664-444a-9041-0ad1b87e9dcb.meth","Small-scale biphasic - C18",NA,NA,NA,NA,NA
"HGMD_0086","45713","Bad","LC","LC_ORBI_QE_01","HGMC_0010","Phe-Hex","neg","MS/MS","f14c8cce44714d508fd98f8ecd2c4420","X:\MA_Instruments\LC_ORBI_QE_01\MA Gut Microbiome\2025\HGMD_0086_20250226_NEG","Y:\MA_BPA_Microbiome\LCMS data\HGMD_0086_20250226_NEG","X:\MA_Instruments\LC_ORBI_QE_01\MA Gut Microbiome\2025\HGMD_0086_20250226_NEG\Reversed_phase_20_min_20250226_NEG_a12bea4a-e56e-4c1a-b62e-298379390f38.meth","Small-scale biphasic - C18",NA,NA,NA,NA,NA
"HGMD_0087","45719","Good","LC","LC_ORBI_QE_01","HGMC_0010","Phe-Hex","pos","MS/MS","c5ed005435a44b3b941721871463e824","Z:\MA_Instruments\LC_ORBI_QE_01\MA Gut Microbiome\2025\HGMD_0087_20250303","Y:\MA_BPA_Microbiome\LCMS data\HGMD_0087_20250303","X:\MA_Instruments\LC_ORBI_QE_01\methods\Gut microbiome\Thermo\Reversed_phase_20_min_20241911.meth","Small-scale biphasic - C18 with cryomill; Note: water fractions over pressure",NA,NA,NA,NA,NA
"HGMD_0088","45733","Good","LC","LC_ORBI_QE_01","HGMC_0010","Phe-Hex","pos","MS/MS","7f0c7b4d3c2a4b399b43761b9b40412b","Z:\MA_Instruments\LC_ORBI_QE_01\MA Gut Microbiome\2025\HGMD_0088_20250307","Y:\MA_BPA_Microbiome\LCMS data\HGMD_0088_20250307","X:\MA_Instruments\LC_ORBI_QE_01\methods\Gut microbiome\Thermo\Reversed_phase_20_min_20241911.meth","SPE of PR01-09 fractions",NA,NA,NA,NA,NA
"HGMD_0089","45734","Good","LC","LC_ORBI_QE_01","HGMC_0010","Phe-Hex","pos","MS/MS","7b4973389b2541129d7d6fc8b0944f2b","X:\MA_Instruments\LC_ORBI_QE_01\MA Gut Microbiome\2025\HGMD_0089_20250318","Y:\MA_BPA_Microbiome\LCMS data\HGMD_0089_MC1-46","X:\MA_Instruments\LC_ORBI_QE_01\methods\Gut microbiome\Thermo\Reversed_phase_20_min_20241911.meth","Combined MC01-46 fractions; Careful of blank with _b suffix.",NA,NA,NA,NA,NA
"HGMD_0090","45736","Good","LC","LC_ORBI_QE_01","HGMC_0010","Phe-Hex","pos","MS/MS","35adaa8dec594103988ba0e5ac70cc0c","X:\MA_Instruments\LC_ORBI_QE_01\MA Gut Microbiome\2025\HGMD_0090_20250320","Y:\MA_BPA_Microbiome\LCMS data\HGMD_0090_MC1-49","X:\MA_Instruments\LC_ORBI_QE_01\methods\Gut microbiome\Thermo\Reversed_phase_20_min_20241911.meth","Combined MC01-49 fractions",NA,NA,NA,NA,NA
"HGMD_0091","45743","Good","LC","LC_ORBI_QE_01","HGMC_0010","Phe-Hex","pos","MS/MS","fc736748ed4e45099bc81373451f8342","X:\MA_Instruments\LC_ORBI_QE_01\MA Gut Microbiome\2025\HGMD_0091_20250327","Y:\MA_BPA_Microbiome\LCMS data\HGMD_0091_MC1-85","X:\MA_Instruments\LC_ORBI_QE_01\methods\Gut microbiome\Thermo\Reversed_phase_20_min_20241911.meth","MC01-85 fractions",NA,NA,NA,NA,NA
"HGMD_0092","45744","Good","LC","LC_ORBI_QE_01","HGMC_0010","Phe-Hex","pos","MS/MS","0c93c48d9b6f45bf8d328d79d27799e8","X:\MA_Instruments\LC_ORBI_QE_01\MA Gut Microbiome\2025\HGMD_0092_20250328","Y:\MA_BPA_Microbiome\LCMS data\HGMD_0092_and_HGMD_0093_MC1-84","X:\MA_Instruments\LC_ORBI_QE_01\methods\Gut microbiome\Thermo\Reversed_phase_20_min_20241911.meth","MC01-84 fractions",NA,NA,NA,NA,NA
"HGMD_0093","45747","Good","LC","LC_ORBI_QE_01","HGMC_0010","Phe-Hex","pos","MS/MS","NA","X:\MA_Instruments\LC_ORBI_QE_01\MA Gut Microbiome\2025\HGMD_0093_20250331","Y:\MA_BPA_Microbiome\LCMS data\HGMD_0092_and_HGMD_0093_MC1-84","X:\MA_Instruments\LC_ORBI_QE_01\methods\Gut microbiome\Thermo\Reversed_phase_20_min_20241911.meth","MC01-84 fractions part 2, combined into part 1 for analysis",NA,NA,NA,NA,NA
"HGMD_0094","45747","Good","LC","LC_ORBI_QE_01","HGMC_0010","Phe-Hex","pos","MS/MS","6c0f7f806d064474a1d1b9c72f687a85","X:\MA_Instruments\LC_ORBI_QE_01\MA Gut Microbiome\2025\HGMD_0094_20250331","Y:\MA_BPA_Microbiome\LCMS data\HGMD_0094_MC1-86","X:\MA_Instruments\LC_ORBI_QE_01\methods\Gut microbiome\Thermo\Reversed_phase_20_min_20241911.meth","MC01-86 fractions",NA,NA,NA,NA,NA
"HGMD_0095","45748","Good","LC","LC_ORBI_QE_01","HGMC_0010","Phe-Hex","pos","MS/MS","a75219669ed944b589ee028272ad8b47","X:\MA_Instruments\LC_ORBI_QE_01\MA Gut Microbiome\2025\HGMD_0095_20250401","Y:\MA_BPA_Microbiome\LCMS data\HGMD_0095_MC1-87","X:\MA_Instruments\LC_ORBI_QE_01\methods\Gut microbiome\Thermo\Reversed_phase_20_min_20241911.meth","MC01-87 fractions",NA,NA,NA,NA,NA
"HGMD_0096","45751","Good","LC","LC_ORBI_QE_01","HGMC_0010","Phe-Hex","pos","MS/MS","ca07f08ec5bf4ecb8c591d6f11bbc6c1","X:\MA_Instruments\LC_ORBI_QE_01\MA Gut Microbiome\2025\HGMD_0096_20250404","Y:\MA_BPA_Microbiome\LCMS data\HGMD_0096_MC1-88","X:\MA_Instruments\LC_ORBI_QE_01\methods\Gut microbiome\Thermo\Reversed_phase_20_min_20241911.meth","MC01-88 fractions",NA,NA,NA,NA,NA
"HGMD_0097","45751","Good","LC","LC_ORBI_QE_01","HGMC_0010","Phe-Hex","pos","MS/MS","4fbbe2d7bcae448194e835e7dedeb79c","X:\MA_Instruments\LC_ORBI_QE_01\MA Gut Microbiome\2025\HGMD_0097_20250404","Y:\MA_BPA_Microbiome\LCMS data\HGMD_0097_MC1-89","X:\MA_Instruments\LC_ORBI_QE_01\methods\Gut microbiome\Thermo\Reversed_phase_20_min_20241911.meth","MC01-89 fractions",NA,NA,NA,NA,NA
"HGMD_0098","45751","Good","LC","LC_ORBI_QE_01","HGMC_0010","Phe-Hex","pos","MS/MS","8bab658ce7d04f92967a4acb4336dfd8","X:\MA_Instruments\LC_ORBI_QE_01\MA Gut Microbiome\2025\HGMD_0098_20250404","Y:\MA_BPA_Microbiome\LCMS data\HGMD_0098_MC1-91","X:\MA_Instruments\LC_ORBI_QE_01\methods\Gut microbiome\Thermo\Reversed_phase_20_min_20241911.meth","MC01-91 fractions",NA,NA,NA,NA,NA
"HGMD_0099","45755","Good","LC","LC_ORBI_QE_01","HGMC_0010","Phe-Hex","pos","MS/MS","905cafe24b3b4f30a0fe5503ad3c7cd3","X:\MA_Instruments\LC_ORBI_QE_01\MA Gut Microbiome\2025\HGMD_0099_20250408","Y:\MA_BPA_Microbiome\LCMS data\HGMD_0099_MC1-92","X:\MA_Instruments\LC_ORBI_QE_01\methods\Gut microbiome\Thermo\Reversed_phase_20_min_20241911.meth","MC01-92 fractions",NA,NA,NA,NA,NA
"HGMD_0100","45756","Good","LC","LC_ORBI_QE_01","HGMC_0010","Phe-Hex","pos","MS/MS","413c5e65b0b44ac299262e9b151f1c12","X:\MA_Instruments\LC_ORBI_QE_01\MA Gut Microbiome\2025\HGMD_0100_20250409","Y:\MA_BPA_Microbiome\LCMS data\HGMD_0100_MC1-93","X:\MA_Instruments\LC_ORBI_QE_01\methods\Gut microbiome\Thermo\Reversed_phase_20_min_20241911.meth","MC01-93 fractions",NA,NA,NA,NA,NA
"HGMD_0101","45757","Good","LC","LC_ORBI_QE_01","HGMC_0010","Phe-Hex","pos","MS/MS","c43f930c9cae4a85a7f6c524afc35414","X:\MA_Instruments\LC_ORBI_QE_01\MA Gut Microbiome\2025\HGMD_0101_20250410","Y:\MA_BPA_Microbiome\LCMS data\HGMD_0101_MC1-94","X:\MA_Instruments\LC_ORBI_QE_01\methods\Gut microbiome\Thermo\Reversed_phase_20_min_20241911.meth","MC01-94 fractions",NA,NA,NA,NA,NA
"HGMD_0102","45761","Good","LC","LC_ORBI_QE_01","HGMC_0010","Phe-Hex","pos","MS/MS","691a62f695d54bf0814897661f580ed1","X:\MA_Instruments\LC_ORBI_QE_01\MA Gut Microbiome\2025\HGMD_0102_20250414","Y:\MA_BPA_Microbiome\LCMS data\HGMD_0102_MC1-95","X:\MA_Instruments\LC_ORBI_QE_01\methods\Gut microbiome\Thermo\Reversed_phase_20_min_20241911.meth","MC01-95 fractions",NA,NA,NA,NA,NA
"HGMD_0103","45761","Good","LC","LC_ORBI_QE_01","HGMC_0010","Phe-Hex","pos","MS/MS","d2125a1dd92a431f9c2e6edaeb2a83d0","X:\MA_Instruments\LC_ORBI_QE_01\MA Gut Microbiome\2025\HGMD_0103_20250414","Y:\MA_BPA_Microbiome\LCMS data\HGMD_0103_MC1-96","X:\MA_Instruments\LC_ORBI_QE_01\methods\Gut microbiome\Thermo\Reversed_phase_20_min_20241911.meth","MC01-96 fractions",NA,NA,NA,NA,NA
"HGMD_0104","45762","Good","LC","LC_ORBI_QE_01","HGMC_0010","Phe-Hex","pos","MS/MS","0ad2e7ae19584233b4cb94a9212ea149","X:\MA_Instruments\LC_ORBI_QE_01\MA Gut Microbiome\2025\HGMD_0104_20250415","Y:\MA_BPA_Microbiome\LCMS data\HGMD_0104_MC1-97","X:\MA_Instruments\LC_ORBI_QE_01\methods\Gut microbiome\Thermo\Reversed_phase_20_min_20241911.meth","MC01-97 fractions",NA,NA,NA,NA,NA
"HGMD_0105","45763","Good","LC","LC_ORBI_QE_01","HGMC_0010","Phe-Hex","pos","MS/MS","9ded0a78d3b44d92a464f05b7e5873f6","X:\MA_Instruments\LC_ORBI_QE_01\MA Gut Microbiome\2025\HGMD_0105_20250416","Y:\MA_BPA_Microbiome\LCMS data\HGMD_0105_MC1-90","X:\MA_Instruments\LC_ORBI_QE_01\methods\Gut microbiome\Thermo\Reversed_phase_20_min_20241911.meth","MC01-90 fractions",NA,NA,NA,NA,NA
"HGMD_0106","45775","Good","LC","LC_ORBI_QE_01","HGMC_0010","Phe-Hex","pos","MS/MS","4878a38b41f540bba65bae389a0618de","X:\MA_Instruments\LC_ORBI_QE_01\MA Gut Microbiome\2025\HGMD_0106_20250417","Y:\MA_BPA_Microbiome\LCMS data\HGMD_0106_MC1-98","X:\MA_Instruments\LC_ORBI_QE_01\methods\Gut microbiome\Thermo\Reversed_phase_20_min_20241911.meth","MC01-98 fractions",NA,NA,NA,NA,NA
"HGMD_0107","45775","Good","LC","LC_ORBI_QE_01","HGMC_0010","Phe-Hex","pos","MS/MS","12163e03137f4d04aede878c02da1919","X:\MA_Instruments\LC_ORBI_QE_01\MA Gut Microbiome\2025\HGMD_0107_20250428","Y:\MA_BPA_Microbiome\LCMS data\HGMD_0107_MC1-100","X:\MA_Instruments\LC_ORBI_QE_01\methods\Gut microbiome\Thermo\Reversed_phase_20_min_20241911.meth","MC01-100 fractions, no zodiac data?",NA,NA,NA,NA,NA
"HGMD_0108","45776","Good","LC","LC_ORBI_QE_01","HGMC_0010","Phe-Hex","pos","MS/MS","1be15fcbca404aaf8bdf6da9ec757eb7","X:\MA_Instruments\LC_ORBI_QE_01\MA Gut Microbiome\2025\HGMD_0108_20250429","Y:\MA_BPA_Microbiome\LCMS data\HGMD_0108_Small_scale_extraction","X:\MA_Instruments\LC_ORBI_QE_01\methods\Gut microbiome\Thermo\Reversed_phase_20_min_20241911.meth","MC01-102, MC01-103, MC01-104 small-scale extraction",NA,NA,NA,NA,NA
"HGMD_0109","45790","Test","LC","LC_ORBI_QE_01","HGMC_0025","HILIC","neg","MS/MS","NA","X:\MA_Instruments\LC_ORBI_QE_01\MA Gut Microbiome\2025\HGMD_0109_20250513","Y:\MA_BPA_Microbiome\LCMS data\HGMD_0109_HILIC_test","X:\MA_Instruments\LC_ORBI_QE_01\methods\Gut microbiome\Thermo\HILIC_30_min_20250513.meth","PR01-11 Test of HILIC",NA,NA,NA,NA,NA
"HGMD_0110","45791","Test","LC","LC_ORBI_QE_01","HGMC_0025","HILIC","pos","MS/MS","c3b246bdf5f34c45919f9c1e2e9c1537","X:\MA_Instruments\LC_ORBI_QE_01\MA Gut Microbiome\2025\HGMD_0110_20250514","Y:\MA_BPA_Microbiome\LCMS data\HGMD_0110_MF_Study_AQ_Pos_30min","X:\MA_Instruments\LC_ORBI_QE_01\methods\Gut microbiome\Thermo\HILIC_30_min_20250514_pos.meth","Male/Female AQ samples HILIC 30min positive mode",NA,NA,NA,NA,NA
"HGMD_0111","45791","Test","LC","LC_ORBI_QE_01","HGMC_0025","HILIC","neg","MS/MS","a72946b9ca1c4b3d8c17c55959140837","X:\MA_Instruments\LC_ORBI_QE_01\MA Gut Microbiome\2025\HGMD_0111_20250514","Y:\MA_BPA_Microbiome\LCMS data\HGMD_0111_MF_Study_AQ_Neg_30min","X:\MA_Instruments\LC_ORBI_QE_01\methods\Gut microbiome\Thermo\HILIC_30_min_20250513_neg.meth","Male/Female AQ samples HILIC 30min negative mode",NA,NA,NA,NA,NA
"HGMD_0112","45793","Test","LC","LC_ORBI_QE_01","HGMC_0025","HILIC","pos","MS/MS","9564fba5ea4b4ba48b3bc88d8930ec54","X:\MA_Instruments\LC_ORBI_QE_01\MA Gut Microbiome\2025\HGMD_0112_20250516","Y:\MA_BPA_Microbiome\LCMS data\HGMD_0112_MF_Study_AQ_Pos_20min","X:\MA_Instruments\LC_ORBI_QE_01\methods\Gut microbiome\To try\HILIC_20_min_20250516_pos.meth","Male/Female AQ samples HILIC 20min positive mode",NA,NA,NA,NA,NA
"HGMD_0113","45793","Test","LC","LC_ORBI_QE_01","HGMC_0025","HILIC","neg","MS/MS","8ff260f430dc430ca9e5515d3203baaa","X:\MA_Instruments\LC_ORBI_QE_01\MA Gut Microbiome\2025\HGMD_0113_20250516","Y:\MA_BPA_Microbiome\LCMS data\HGMD_0113_MF_Study_AQ_Neg_20min","X:\MA_Instruments\LC_ORBI_QE_01\methods\Gut microbiome\To try\HILIC_20_min_20250516_neg.meth","Male/Female AQ samples HILIC 20min negative mode",NA,NA,NA,NA,NA
"HGMD_0114","45796","Test","LC","LC_ORBI_QE_01","HGMC_0025","HILIC","pos","MS/MS","262b8b6ae63c4546b6e9ef635ca2b70e","X:\MA_Instruments\LC_ORBI_QE_01\MA Gut Microbiome\2025\HGMD_0114_20250519","Y:\MA_BPA_Microbiome\LCMS data\HGMD_0114_MF_Study_AQ_Pos_45min","X:\MA_Instruments\LC_ORBI_QE_01\methods\Gut microbiome\Thermo\HILIC_45min_20250519.meth","Male/Female AQ samples HILIC 45min positive mode NOTE: Acquisition time for Mass spec should be changed according to the new gradient",NA,NA,NA,NA,NA
"HGMD_0115","45799","Test","LC","LC_ORBI_QE_01","HGMC_0025","HILIC","pos","MS/MS","a03693a8cce54d7e87591d3a9af1794a","X:\MA_Instruments\LC_ORBI_QE_01\MA Gut Microbiome\2025\HGMD_0115_20250522","Y:\MA_BPA_Microbiome\LCMS data\HGMD_0115_SL01-01_reproducibility","X:\MA_Instruments\LC_ORBI_QE_01\methods\Gut microbiome\Thermo\HILIC_45min_20250519.meth","SL01-01 HILIC fractions, HILIC 30min positive mode (reproducibility study)",NA,NA,NA,NA,NA
"HGMD_0116","45800","Test","LC","LC_ORBI_QE_01","HGMC_0025","HILIC","pos","MS/MS","67441d2ed4fd412b8e2747609fe26c7d","X:\MA_Instruments\LC_ORBI_QE_01\MA Gut Microbiome\2025\HGMD_0116_20250523","Y:\MA_BPA_Microbiome\LCMS data\HGMD_0116_HILIC_fractions_SL01-01","X:\MA_Instruments\LC_ORBI_QE_01\methods\Gut microbiome\Thermo\HILIC_45min_20250519.meth","SL01-01 HILIC fractions, HILIC 30min positive mode (all runs), Analysis rerun with the new mzmine setting, new results overwrite old ones",NA,NA,NA,NA,NA
"HGMD_0117","45805","Test","LC","LC_ORBI_QE_01","HGMC_0025","HILIC","neg","MS/MS","9c055a65a751431ebc67d429967783cf","X:\MA_Instruments\LC_ORBI_QE_01\MA Gut Microbiome\2025\HGMD_0117_20250528","Y:\MA_BPA_Microbiome\LCMS data\HGMD_0117_20250528","X:\MA_Instruments\LC_ORBI_QE_01\methods\Gut microbiome\Thermo\HILIC_30_min_20250514_neg.meth","Male/Female AQ samples HILIC 30min positive mode AMMONIUM FORMATE 10mM 0.125% Formic acid in H2O/ACN NOTE: ACCIDENTALLY RUN ON NEGATIVE MODE Rerun in HGMD_0119",NA,NA,NA,NA,NA
"HGMD_0118","45805","Test","LC","LC_ORBI_QE_01","HGMC_0025","HILIC","neg","MS/MS","NA","NA","NA","NA","Male/Female AQ samples HILIC 30min positive mode AMMONIUM FORMATE 10mM 0.125% Formic acid in H2O/ACN",NA,NA,NA,NA,NA
"HGMD_0119","45807","Test","LC","LC_ORBI_QE_01","HGMC_0025","HILIC","pos","MS/MS","04c8955231ad4cec9c0a6973acdf4b25","X:\MA_Instruments\LC_ORBI_QE_01\MA Gut Microbiome\2025\HGMD_0117_RERUN_20250530","Y:\MA_BPA_Microbiome\LCMS data\HGMD_0119","X:\MA_Instruments\LC_ORBI_QE_01\methods\Gut microbiome\Thermo\HILIC_30_min_20250514_pos.meth",NA,NA,NA,NA,NA,NA
"HGMD_0120","45811","Test","LC","LC_ORBI_QE_01","HGMC_0026","HILIC","pos","MS/MS","d9223e61fca3418183f6a382a49e29f5","X:\MA_Instruments\LC_ORBI_QE_01\MA Gut Microbiome\2025\HGMD_0120_20250603","Y:\MA_BPA_Microbiome\LCMS data\HGMD_0120","X:\MA_Instruments\LC_ORBI_QE_01\methods\Gut microbiome\ZHILIC Waters\250130_Waters-zHILIC-G4point5_MS1_MRS65-1900mz_R124k_V3_vials_pos.meth","Testing of Z-HILIC waters column, Buffers set up in method incorrectly",NA,NA,NA,NA,NA
"HGMD_0121","45811","Test","LC","LC_ORBI_QE_01","HGMC_0026","HILIC","neg","MS/MS","NA","X:\MA_Instruments\LC_ORBI_QE_01\MA Gut Microbiome\2025\HGMD_0121_20250603","Y:\MA_BPA_Microbiome\LCMS data\HGMD_0121_20250603","X:\MA_Instruments\LC_ORBI_QE_01\methods\Gut microbiome\ZHILIC Waters\250130_Waters-zHILIC-G4point5_MS1_MRS65-1900mz_R240k_V3_vials_neg.meth","Testing of Z-HILIC waters column, Buffers set up in method incorrectly",NA,NA,NA,NA,NA
"HGMD_0122","45545","Good","LC","LC_ORBI_QE_01","HGMC_0010","Phe-Hex","pos","MS/MS","NA","X:\MA_Instruments\LC_ORBI_QE_01\MA Gut Microbiome\2024\2024-11-29_Standards","Y:\MA_BPA_Microbiome\LCMS data\HGMD_0122_Phe-Hex_Standards_pos","X:\MA_Instruments\LC_ORBI_QE_01\methods\Gut microbiome\Thermo\Reversed_phase_20_min_20241911.meth","Small Mixes, Phe-Hex",NA,NA,NA,NA,NA
"HGMD_0123","45812","Good","LC","LC_ORBI_QE_01","HGMC_0026","HILIC","pos","MS/MS","9c95b6169e5e474293764b7b0bd02550","X:\MA_Instruments\LC_ORBI_QE_01\MA Gut Microbiome\2025\HGMD_0123_20250605","Y:\MA_BPA_Microbiome\LCMS data\HGMD_0123","X:\MA_Instruments\LC_ORBI_QE_01\methods\Gut microbiome\ZHILIC Waters\20250604_Waters-zHILIC_70-1050_pos.meth","Small Mixes, Z-HILIC, Pos, subfraction analysis rerun using new mzmine setting, new results overwrite old ones",NA,NA,NA,NA,NA
"HGMD_0124","45812","NA","LC","LC_ORBI_QE_01","HGMC_0026","HILIC","neg","MS/MS","b53228656a344f64a24a2316efe28d5e","X:\MA_Instruments\LC_ORBI_QE_01\MA Gut Microbiome\2025\HGMD_0124_20250605","Y:\MA_BPA_Microbiome\LCMS data\HGMD_0124","X:\MA_Instruments\LC_ORBI_QE_01\methods\Gut microbiome\ZHILIC Waters\20250604_Waters-zHILIC_70-1050_neg.meth","Small Mixes, Z-HILIC, Neg; standards not run in the end due to time/buffers",NA,NA,NA,NA,NA
"HGMD_0125","45814","Good","LC","LC_ORBI_QE_01","HGMC_0026","HILIC","pos","MS/MS","a4d77e575b694707b70dc6f1d5a06971","X:\MA_Instruments\LC_ORBI_QE_01\MA Gut Microbiome\2025\HGMD_0125_20250606","Y:\MA_BPA_Microbiome\LCMS data\HGMD_0125_HILIC-small-vs-large-scale - ms1=25 ms2=5","X:\MA_Instruments\LC_ORBI_QE_01\methods\Gut microbiome\ZHILIC Waters\20250604_Waters-zHILIC_70-1050_pos.meth","HILIC: Small-scale vs Large-Scale, ms1=25, ms2=5 in mzmine",NA,NA,NA,NA,NA
"HGMD_0126","45814","NA","LC","LC_ORBI_QE_01","HGMC_0026","HILIC","pos","MS/MS","95c11edce4024b0eac183a1a45b95e8b","X:\MA_Instruments\LC_ORBI_QE_01\MA Gut Microbiome\2025\HGMD_0125_20250606","Y:\MA_BPA_Microbiome\LCMS data\HGMD_0126_HILIC-small-vs-large-scale - ms1=5 ms2 =2-5","X:\MA_Instruments\LC_ORBI_QE_01\methods\Gut microbiome\ZHILIC Waters\20250604_Waters-zHILIC_70-1050_pos.meth","HILIC: Small-scale vs Large-Scale, ms1=5, ms2=2.5 in mzmine",NA,NA,NA,NA,NA
"HGMD_0127","45814","NA","LC","LC_ORBI_QE_01","HGMC_0026","HILIC","pos","MS/MS","792a6769b0ba4cd7a23878e99099be5c","X:\MA_Instruments\LC_ORBI_QE_01\MA Gut Microbiome\2025\HGMD_0125_20250606","Y:\MA_BPA_Microbiome\LCMS data\HGMD_0127_HILIC-small-vs-large-scale - ms1=50 ms2 =5","X:\MA_Instruments\LC_ORBI_QE_01\methods\Gut microbiome\ZHILIC Waters\20250604_Waters-zHILIC_70-1050_pos.meth","HILIC: Small-scale vs Large-Scale, ms1=50, ms2=5 in mzmine",NA,NA,NA,NA,NA
"HGMD_0128","45824","NA","NA","NA","NA","NA","NA","NA","33a810f496ab43048df6ad15445ca83f","NA","Y:\MA_BPA_Microbiome\LCMS data\HGMD_0128_MSV000095260","NA","Re-analysis of MSV000095260 (public dataset) through MAPS",NA,NA,NA,NA,NA
"HGMD_0129","45831","NA","NA","NA","NA","NA","NA","NA","NA","NA","Y:\MA_BPA_Microbiome\LCMS data\HGMD_0129_ReDU_and_FASST","NA","Re-DU: Comparison of small-scale and large-scale spectra to all publicly deposited fecal spectra",NA,NA,NA,NA,NA
"HGMD_0130","45835","NA","NA","NA","NA","NA","NA","NA","NA","NA","Y:\MA_BPA_Microbiome\LCMS data\HGMD_0130_SS-Vs_LS[HILIC and Phe-Hex]","NA","Small-Scale vs Large-Scale Total Annotation Comparison",NA,NA,NA,NA,NA
"HGMD_0131","45845","NA","NA","NA","NA","NA","pos","MS/MS","9e4bb932b5f644e4a18c1959f306c91e","NA","Y:\MA_BPA_Microbiome\LCMS data\HGMD_0131_MSV000097610","NA","Re-analysis of MSV000097610 (public dataset) through MAPS",NA,NA,NA,NA,NA
"HGMD_0132",NA,"Bad",NA,NA,NA,NA,NA,NA,NA,NA,NA,NA,NA,NA,NA,NA,NA,NA
"HGMD_0133","45847","NA","NA","NA","NA","NA","pos","MS/MS","29473133f8e54390b6cd4d97180259e3","NA","Y:\MA_BPA_Microbiome\LCMS data\HGMD_0133","NA","Re-analysis of MSV000081120 (public dataset) through MAPS",NA,NA,NA,NA,NA
"HGMD_0134","45848","NA","NA","NA","NA","NA","neg","MS/MS","01a367a7b0564f3793cb0fb7101cac5c","NA","Y:\MA_BPA_Microbiome\LCMS data\HGMD_0134","NA","Re-analysis of MSV000081120 (public dataset) through MAPS",NA,NA,NA,NA,NA
"HGMD_0135",NA,NA,NA,NA,NA,NA,NA,NA,NA,NA,NA,NA,NA,NA,NA,NA,NA,NA
"HGMD_0136",NA,NA,NA,NA,NA,NA,NA,NA,NA,NA,NA,NA,NA,NA,NA,NA,NA,NA
"HGMD_0137",NA,NA,NA,NA,NA,NA,NA,NA,NA,NA,NA,NA,NA,NA,NA,NA,NA,NA
"HGMD_0138",NA,NA,NA,NA,NA,NA,NA,NA,NA,NA,NA,NA,NA,NA,NA,NA,NA,NA
"HGMD_0139",NA,NA,NA,NA,NA,NA,NA,NA,NA,NA,NA,NA,NA,NA,NA,NA,NA,NA
"HGMD_0140",NA,NA,NA,NA,NA,NA,NA,NA,NA,NA,NA,NA,NA,NA,NA,NA,NA,NA
"HGMD_0141",NA,NA,NA,NA,NA,NA,NA,NA,NA,NA,NA,NA,NA,NA,NA,NA,NA,NA
"HGMD_0142",NA,NA,NA,NA,NA,NA,NA,NA,NA,NA,NA,NA,NA,NA,NA,NA,NA,NA
"HGMD_0143",NA,NA,NA,NA,NA,NA,NA,NA,NA,NA,NA,NA,NA,NA,NA,NA,NA,NA
"HGMD_0144",NA,NA,NA,NA,NA,NA,NA,NA,NA,NA,NA,NA,NA,NA,NA,NA,NA,NA
"HGMD_0145",NA,NA,NA,NA,NA,NA,NA,NA,NA,NA,NA,NA,NA,NA,NA,NA,NA,NA
"HGMD_0146",NA,NA,NA,NA,NA,NA,NA,NA,NA,NA,NA,NA,NA,NA,NA,NA,NA,NA
"HGMD_0147",NA,NA,NA,NA,NA,NA,NA,NA,NA,NA,NA,NA,NA,NA,NA,NA,NA,NA
"HGMD_0148",NA,NA,NA,NA,NA,NA,NA,NA,NA,NA,NA,NA,NA,NA,NA,NA,NA,NA
"HGMD_0149",NA,NA,NA,NA,NA,NA,NA,NA,NA,NA,NA,NA,NA,NA,NA,NA,NA,NA
"HGMD_0150",NA,NA,NA,NA,NA,NA,NA,NA,NA,NA,NA,NA,NA,NA,NA,NA,NA,NA
"HGMD_0151",NA,NA,NA,NA,NA,NA,NA,NA,NA,NA,NA,NA,NA,NA,NA,NA,NA,NA
"HGMD_0152",NA,NA,NA,NA,NA,NA,NA,NA,NA,NA,NA,NA,NA,NA,NA,NA,NA,NA
"HGMD_0153",NA,NA,NA,NA,NA,NA,NA,NA,NA,NA,NA,NA,NA,NA,NA,NA,NA,NA
"HGMD_0154",NA,NA,NA,NA,NA,NA,NA,NA,NA,NA,NA,NA,NA,NA,NA,NA,NA,NA
"HGMD_0155",NA,NA,NA,NA,NA,NA,NA,NA,NA,NA,NA,NA,NA,NA,NA,NA,NA,NA
"HGMD_0156",NA,NA,NA,NA,NA,NA,NA,NA,NA,NA,NA,NA,NA,NA,NA,NA,NA,NA
"HGMD_0157",NA,NA,NA,NA,NA,NA,NA,NA,NA,NA,NA,NA,NA,NA,NA,NA,NA,NA
"HGMD_0158",NA,NA,NA,NA,NA,NA,NA,NA,NA,NA,NA,NA,NA,NA,NA,NA,NA,NA
"HGMD_0159",NA,NA,NA,NA,NA,NA,NA,NA,NA,NA,NA,NA,NA,NA,NA,NA,NA,NA
"HGMD_0160",NA,NA,NA,NA,NA,NA,NA,NA,NA,NA,NA,NA,NA,NA,NA,NA,NA,NA
"HGMD_0161",NA,NA,NA,NA,NA,NA,NA,NA,NA,NA,NA,NA,NA,NA,NA,NA,NA,NA
"HGMD_0162",NA,NA,NA,NA,NA,NA,NA,NA,NA,NA,NA,NA,NA,NA,NA,NA,NA,NA
"HGMD_0163",NA,NA,NA,NA,NA,NA,NA,NA,NA,NA,NA,NA,NA,NA,NA,NA,NA,NA
"HGMD_0164",NA,NA,NA,NA,NA,NA,NA,NA,NA,NA,NA,NA,NA,NA,NA,NA,NA,NA
"HGMD_0165",NA,NA,NA,NA,NA,NA,NA,NA,NA,NA,NA,NA,NA,NA,NA,NA,NA,NA
"HGMD_0166",NA,NA,NA,NA,NA,NA,NA,NA,NA,NA,NA,NA,NA,NA,NA,NA,NA,NA
"HGMD_0167",NA,NA,NA,NA,NA,NA,NA,NA,NA,NA,NA,NA,NA,NA,NA,NA,NA,NA
"HGMD_0168",NA,NA,NA,NA,NA,NA,NA,NA,NA,NA,NA,NA,NA,NA,NA,NA,NA,NA
"HGMD_0169",NA,NA,NA,NA,NA,NA,NA,NA,NA,NA,NA,NA,NA,NA,NA,NA,NA,NA
"HGMD_0170",NA,NA,NA,NA,NA,NA,NA,NA,NA,NA,NA,NA,NA,NA,NA,NA,NA,NA
"HGMD_0171",NA,NA,NA,NA,NA,NA,NA,NA,NA,NA,NA,NA,NA,NA,NA,NA,NA,NA
"HGMD_0172",NA,NA,NA,NA,NA,NA,NA,NA,NA,NA,NA,NA,NA,NA,NA,NA,NA,NA
"HGMD_0173",NA,NA,NA,NA,NA,NA,NA,NA,NA,NA,NA,NA,NA,NA,NA,NA,NA,NA
"HGMD_0174",NA,NA,NA,NA,NA,NA,NA,NA,NA,NA,NA,NA,NA,NA,NA,NA,NA,NA
"HGMD_0175",NA,NA,NA,NA,NA,NA,NA,NA,NA,NA,NA,NA,NA,NA,NA,NA,NA,NA
"HGMD_0176",NA,NA,NA,NA,NA,NA,NA,NA,NA,NA,NA,NA,NA,NA,NA,NA,NA,NA
"HGMD_0177",NA,NA,NA,NA,NA,NA,NA,NA,NA,NA,NA,NA,NA,NA,NA,NA,NA,NA
"HGMD_0178",NA,NA,NA,NA,NA,NA,NA,NA,NA,NA,NA,NA,NA,NA,NA,NA,NA,NA
"HGMD_0179",NA,NA,NA,NA,NA,NA,NA,NA,NA,NA,NA,NA,NA,NA,NA,NA,NA,NA
"HGMD_0180",NA,NA,NA,NA,NA,NA,NA,NA,NA,NA,NA,NA,NA,NA,NA,NA,NA,NA
"HGMD_0181",NA,NA,NA,NA,NA,NA,NA,NA,NA,NA,NA,NA,NA,NA,NA,NA,NA,NA
"HGMD_0182",NA,NA,NA,NA,NA,NA,NA,NA,NA,NA,NA,NA,NA,NA,NA,NA,NA,NA
"HGMD_0183",NA,NA,NA,NA,NA,NA,NA,NA,NA,NA,NA,NA,NA,NA,NA,NA,NA,NA
"HGMD_0184",NA,NA,NA,NA,NA,NA,NA,NA,NA,NA,NA,NA,NA,NA,NA,NA,NA,NA
"HGMD_0185",NA,NA,NA,NA,NA,NA,NA,NA,NA,NA,NA,NA,NA,NA,NA,NA,NA,NA
"HGMD_0186",NA,NA,NA,NA,NA,NA,NA,NA,NA,NA,NA,NA,NA,NA,NA,NA,NA,NA
"HGMD_0187",NA,NA,NA,NA,NA,NA,NA,NA,NA,NA,NA,NA,NA,NA,NA,NA,NA,NA
"HGMD_0188",NA,NA,NA,NA,NA,NA,NA,NA,NA,NA,NA,NA,NA,NA,NA,NA,NA,NA
"HGMD_0189",NA,NA,NA,NA,NA,NA,NA,NA,NA,NA,NA,NA,NA,NA,NA,NA,NA,NA
"HGMD_0190",NA,NA,NA,NA,NA,NA,NA,NA,NA,NA,NA,NA,NA,NA,NA,NA,NA,NA
"HGMD_0191",NA,NA,NA,NA,NA,NA,NA,NA,NA,NA,NA,NA,NA,NA,NA,NA,NA,NA
"HGMD_0192",NA,NA,NA,NA,NA,NA,NA,NA,NA,NA,NA,NA,NA,NA,NA,NA,NA,NA
"HGMD_0193",NA,NA,NA,NA,NA,NA,NA,NA,NA,NA,NA,NA,NA,NA,NA,NA,NA,NA
"HGMD_0194",NA,NA,NA,NA,NA,NA,NA,NA,NA,NA,NA,NA,NA,NA,NA,NA,NA,NA
"HGMD_0195",NA,NA,NA,NA,NA,NA,NA,NA,NA,NA,NA,NA,NA,NA,NA,NA,NA,NA
"HGMD_0196",NA,NA,NA,NA,NA,NA,NA,NA,NA,NA,NA,NA,NA,NA,NA,NA,NA,NA
"HGMD_0197",NA,NA,NA,NA,NA,NA,NA,NA,NA,NA,NA,NA,NA,NA,NA,NA,NA,NA
"HGMD_0198",NA,NA,NA,NA,NA,NA,NA,NA,NA,NA,NA,NA,NA,NA,NA,NA,NA,NA
"HGMD_0199",NA,NA,NA,NA,NA,NA,NA,NA,NA,NA,NA,NA,NA,NA,NA,NA,NA,NA
"HGMD_0200",NA,NA,NA,NA,NA,NA,NA,NA,NA,NA,NA,NA,NA,NA,NA,NA,NA,NA
"HGMD_0201",NA,NA,NA,NA,NA,NA,NA,NA,NA,NA,NA,NA,NA,NA,NA,NA,NA,NA
"HGMD_0202",NA,NA,NA,NA,NA,NA,NA,NA,NA,NA,NA,NA,NA,NA,NA,NA,NA,NA
"HGMD_0203",NA,NA,NA,NA,NA,NA,NA,NA,NA,NA,NA,NA,NA,NA,NA,NA,NA,NA
"HGMD_0204",NA,NA,NA,NA,NA,NA,NA,NA,NA,NA,NA,NA,NA,NA,NA,NA,NA,NA
"HGMD_0205",NA,NA,NA,NA,NA,NA,NA,NA,NA,NA,NA,NA,NA,NA,NA,NA,NA,NA
"HGMD_0206",NA,NA,NA,NA,NA,NA,NA,NA,NA,NA,NA,NA,NA,NA,NA,NA,NA,NA
"HGMD_0207",NA,NA,NA,NA,NA,NA,NA,NA,NA,NA,NA,NA,NA,NA,NA,NA,NA,NA
"HGMD_0208",NA,NA,NA,NA,NA,NA,NA,NA,NA,NA,NA,NA,NA,NA,NA,NA,NA,NA
"HGMD_0209",NA,NA,NA,NA,NA,NA,NA,NA,NA,NA,NA,NA,NA,NA,NA,NA,NA,NA
"HGMD_0210",NA,NA,NA,NA,NA,NA,NA,NA,NA,NA,NA,NA,NA,NA,NA,NA,NA,NA
"HGMD_0211",NA,NA,NA,NA,NA,NA,NA,NA,NA,NA,NA,NA,NA,NA,NA,NA,NA,NA
"HGMD_0212",NA,NA,NA,NA,NA,NA,NA,NA,NA,NA,NA,NA,NA,NA,NA,NA,NA,NA
"HGMD_0213",NA,NA,NA,NA,NA,NA,NA,NA,NA,NA,NA,NA,NA,NA,NA,NA,NA,NA
"HGMD_0214",NA,NA,NA,NA,NA,NA,NA,NA,NA,NA,NA,NA,NA,NA,NA,NA,NA,NA
"HGMD_0215",NA,NA,NA,NA,NA,NA,NA,NA,NA,NA,NA,NA,NA,NA,NA,NA,NA,NA
"HGMD_0216",NA,NA,NA,NA,NA,NA,NA,NA,NA,NA,NA,NA,NA,NA,NA,NA,NA,NA
"HGMD_0217",NA,NA,NA,NA,NA,NA,NA,NA,NA,NA,NA,NA,NA,NA,NA,NA,NA,NA
"HGMD_0218",NA,NA,NA,NA,NA,NA,NA,NA,NA,NA,NA,NA,NA,NA,NA,NA,NA,NA
"HGMD_0219",NA,NA,NA,NA,NA,NA,NA,NA,NA,NA,NA,NA,NA,NA,NA,NA,NA,NA
"HGMD_0220",NA,NA,NA,NA,NA,NA,NA,NA,NA,NA,NA,NA,NA,NA,NA,NA,NA,NA
"HGMD_0221",NA,NA,NA,NA,NA,NA,NA,NA,NA,NA,NA,NA,NA,NA,NA,NA,NA,NA
"HGMD_0222",NA,NA,NA,NA,NA,NA,NA,NA,NA,NA,NA,NA,NA,NA,NA,NA,NA,NA
"HGMD_0223",NA,NA,NA,NA,NA,NA,NA,NA,NA,NA,NA,NA,NA,NA,NA,NA,NA,NA
"HGMD_0224",NA,NA,NA,NA,NA,NA,NA,NA,NA,NA,NA,NA,NA,NA,NA,NA,NA,NA
"HGMD_0225",NA,NA,NA,NA,NA,NA,NA,NA,NA,NA,NA,NA,NA,NA,NA,NA,NA,NA
"HGMD_0226",NA,NA,NA,NA,NA,NA,NA,NA,NA,NA,NA,NA,NA,NA,NA,NA,NA,NA
"HGMD_0227",NA,NA,NA,NA,NA,NA,NA,NA,NA,NA,NA,NA,NA,NA,NA,NA,NA,NA
"HGMD_0228",NA,NA,NA,NA,NA,NA,NA,NA,NA,NA,NA,NA,NA,NA,NA,NA,NA,NA
"HGMD_0229",NA,NA,NA,NA,NA,NA,NA,NA,NA,NA,NA,NA,NA,NA,NA,NA,NA,NA
"HGMD_0230",NA,NA,NA,NA,NA,NA,NA,NA,NA,NA,NA,NA,NA,NA,NA,NA,NA,NA
"HGMD_0231",NA,NA,NA,NA,NA,NA,NA,NA,NA,NA,NA,NA,NA,NA,NA,NA,NA,NA
"HGMD_0232",NA,NA,NA,NA,NA,NA,NA,NA,NA,NA,NA,NA,NA,NA,NA,NA,NA,NA
"HGMD_0233",NA,NA,NA,NA,NA,NA,NA,NA,NA,NA,NA,NA,NA,NA,NA,NA,NA,NA
"HGMD_0234",NA,NA,NA,NA,NA,NA,NA,NA,NA,NA,NA,NA,NA,NA,NA,NA,NA,NA
"HGMD_0235",NA,NA,NA,NA,NA,NA,NA,NA,NA,NA,NA,NA,NA,NA,NA,NA,NA,NA
"HGMD_0236",NA,NA,NA,NA,NA,NA,NA,NA,NA,NA,NA,NA,NA,NA,NA,NA,NA,NA
"HGMD_0237",NA,NA,NA,NA,NA,NA,NA,NA,NA,NA,NA,NA,NA,NA,NA,NA,NA,NA
"HGMD_0238",NA,NA,NA,NA,NA,NA,NA,NA,NA,NA,NA,NA,NA,NA,NA,NA,NA,NA
"HGMD_0239",NA,NA,NA,NA,NA,NA,NA,NA,NA,NA,NA,NA,NA,NA,NA,NA,NA,NA
"HGMD_0240",NA,NA,NA,NA,NA,NA,NA,NA,NA,NA,NA,NA,NA,NA,NA,NA,NA,NA
"HGMD_0241",NA,NA,NA,NA,NA,NA,NA,NA,NA,NA,NA,NA,NA,NA,NA,NA,NA,NA
"HGMD_0242",NA,NA,NA,NA,NA,NA,NA,NA,NA,NA,NA,NA,NA,NA,NA,NA,NA,NA
"HGMD_0243",NA,NA,NA,NA,NA,NA,NA,NA,NA,NA,NA,NA,NA,NA,NA,NA,NA,NA
"HGMD_0244",NA,NA,NA,NA,NA,NA,NA,NA,NA,NA,NA,NA,NA,NA,NA,NA,NA,NA
"HGMD_0245",NA,NA,NA,NA,NA,NA,NA,NA,NA,NA,NA,NA,NA,NA,NA,NA,NA,NA
"HGMD_0246",NA,NA,NA,NA,NA,NA,NA,NA,NA,NA,NA,NA,NA,NA,NA,NA,NA,NA
"HGMD_0247",NA,NA,NA,NA,NA,NA,NA,NA,NA,NA,NA,NA,NA,NA,NA,NA,NA,NA
"HGMD_0248",NA,NA,NA,NA,NA,NA,NA,NA,NA,NA,NA,NA,NA,NA,NA,NA,NA,NA
"HGMD_0249",NA,NA,NA,NA,NA,NA,NA,NA,NA,NA,NA,NA,NA,NA,NA,NA,NA,NA
