"HGMG.ID","Parent Code","Compound Name","SMILES","HMDB.ID","CID","Formula","Monoisotopic Mass","Retention Time (Phe-Hex)","RT HILIC (Waters Z HILIC)","Pos (Y/N)","Neg(Y/N)"
"HGMG_0001","HGMS_0001","Homocitrulline","N[C@@H](CCCCNC(N)=O)C(O)=O","HMDB0000679",65072,"C7H15N3O3",189.11134,"0.87","4.6100000000000003","Y",NA
"HGMG_0002","HGMS_0001","Levoglucosan","[H][C@@]12OC[C@@H](O1)[C@@H](O)[C@H](O)[C@H]2O","HMDB0000640",2724705,"C6H10O5",162.05282,"0.94","NA","N",NA
"HGMG_0003","HGMS_0001","Imipramine","CN(C)CCCN1C2=CC=CC=C2CCC2=CC=CC=C12","HMDB0001848",3696,"C19H24N2",280.19395,"5.79","0.67","Y",NA
"HGMG_0004","HGMS_0001","1,2,3-trihydroxybenzene","[H]OC1=CC=CC(O[H])=C1O[H]","HMDB0013674",1057,"C6H6O3",126.03169,"NA","NA","N",NA
"HGMG_0005","HGMS_0001","2-Methylacetoacetate","C[C@H](C(C)=O)C(O)=O","HMDB0029172",11966223,"C5H8O3",116.04734,"NA","NA","N",NA
"HGMG_0006","HGMS_0001","5-Hydroxymethyluracil","OCC1=CNC(=O)NC1=O","HMDB0000469",78168,"C5H6N2O3",142.03784,"NA","NA","N",NA
"HGMG_0007","HGMS_0001","D-Glucurono-6,3-lactone","O[C@@H]1O[C@@H]2[C@@H](O)C(=O)O[C@@H]2[C@H]1O","HMDB0006355",92283,"C6H8O6",176.03209,"NA","NA","N",NA
"HGMG_0008","HGMS_0001","Dimethylmalonic acid","CC(C)(C(O)=O)C(O)=O","HMDB0002001",11686,"C5H8O4",132.04226,"NA","NA","N",NA
"HGMG_0009","HGMS_0001","Ethylmethylacetic acid","CCC(C)C(O)=O","HMDB0002176",8314,"C5H10O2",102.06808,"NA","NA","N",NA
"HGMG_0010","HGMS_0001","gamma-Butyrolactone","O=C1CCCO1","HMDB0000549",7302,"C4H6O2",86.03678,"NA","2.93","Y",NA
"HGMG_0011","HGMS_0002","Carnosine","NCCC(=O)N[C@@H](CC1=CN=CN1)C(O)=O","HMDB0000033",439224,"C9H14N4O3",226.10659,"0.8","5.46","Y",NA
"HGMG_0012","HGMS_0002","5-Aminolevulinic acid","NCC(=O)CCC(O)=O","HMDB0001149",137,"C5H9NO3",131.05824,"0.86","3.65","Y",NA
"HGMG_0013","HGMS_0002","D-alpha-Aminobutyric acid","CC[C@@H](N)C(O)=O","HMDB0000650",439691,"C4H9NO2",NA,"0.87","NA","N",NA
"HGMG_0014","HGMS_0002","2-Furoylglycine","OC(=O)CNC(=O)C1=CC=CO1","HMDB0000439",21863,"C7H7NO4",NA,"1.4","1.23","Y",NA
"HGMG_0015","HGMS_0002","CAFFEINE","CN1C=NC2=C1C(=O)N(C)C(=O)N2C","HMDB0001847",2519,"C8H10N4O2",194.08038,"2.91","0.67","Y",NA
"HGMG_0016","HGMS_0002","2-Methylglutaric acid","CC(CCC(O)=O)C(O)=O","HMDB0000422",12046,"C6H10O4",146.05791,"NA","NA","N",NA
"HGMG_0017","HGMS_0002","3-Furoic acid","OC(=O)C1=COC=C1","HMDB0000444",10268,"C5H4O3",NA,"NA","1.23","Y",NA
"HGMG_0018","HGMS_0002","Chloroacetic acid","OC(=O)CCl","HMDB0031331",300,"C2H3ClO2",93.98216,"NA","NA","N",NA
"HGMG_0019","HGMS_0002","Ethyl lactate","CCOC(=O)C(C)O","HMDB0040735",7344,"C5H10O3",118.06299,"NA","NA","N",NA
"HGMG_0020","HGMS_0002","Gluconolactone","OC[C@H]1OC(=O)[C@H](O)[C@@H](O)[C@@H]1O","HMDB0000150",7027,"C6H10O6",178.04774,"NA","NA","N",NA
"HGMG_0021","HGMS_0003","RIBITOL","OC[C@H](O)[C@H](O)[C@H](O)CO","HMDB0000508",6912,"C5H12O5",152.06848,"0.86","2.86","Y",NA
"HGMG_0022","HGMS_0003","2-Hydroxy-3-methylbutyric acid","CC(C)C(O)C(O)=O","HMDB0000407",99823,"C5H10O3",118.06299,"0.9","5.21","Y",NA
"HGMG_0023","HGMS_0003","5-Aminopentanoic acid","NCCCCC(O)=O","HMDB0003355",138,"C5H11NO2",117.07898,"0.9","5.21","Y",NA
"HGMG_0024","HGMS_0003","Ureidopropionic acid","NC(=O)NCCC(O)=O","HMDB0000026",111,"C4H8N2O3",132.05349,"0.97","2.99","Y",NA
"HGMG_0025","HGMS_0003","Aminocaproic acid","NCCCCCC(O)=O","HMDB0001901",564,"C6H13NO2",131.09463,"1.01","5.09","Y",NA
"HGMG_0026","HGMS_0003","(+/-)-Chlorpheniramine","CN(C)CCC(C1=CC=C(Cl)C=C1)C1=CC=CC=N1","HMDB0001944",2725,"C16H19ClN2",274.12368,"4.34","0.89","Y",NA
"HGMG_0027","HGMS_0003","2-Piperidinone","O=C1CCCCN1","HMDB0011749",12665,"C5H9NO",99.06841,"NA","0.89","Y",NA
"HGMG_0028","HGMS_0003","2-Pyrrolidinone","O=C1CCCN1","HMDB0002039",12025,"C4H7NO",85.05276,"NA","0.92","Y",NA
"HGMG_0029","HGMS_0003","3,4-Dihydroxyhydrocinnamic acid","OC(=O)CCC1=CC(O)=C(O)C=C1","HMDB0000423",348154,"C9H10O4",NA,"NA","NA","N",NA
"HGMG_0030","HGMS_0004","Deoxycytidine","NC1=NC(=O)N(C=C1)[C@H]1C[C@H](O)[C@@H](CO)O1","HMDB0000014",13711,"C9H13N3O4",NA,"0.92","1.94","Y",NA
"HGMG_0031","HGMS_0004","5-Hydroxymethyl-2-furancarboxaldehyde","OCC1=CC=C(O1)C=O","HMDB0034355",237332,"C6H6O3",126.03169,"1.83","0.67","Y",NA
"HGMG_0032","HGMS_0004","1,3-dimethyluracil","CN1C=CC(=O)N(C)C1=O","HMDB0002144",70122,"C6H8N2O2",140.05858,"1.94","0.69","Y",NA
"HGMG_0033","HGMS_0004","2-Hydroxycaproic acid","CCCCC(O)C(O)=O","HMDB0001624",99824,"C6H12O3",132.07864,"3.49","0.61","Y",NA
"HGMG_0034","HGMS_0004","1,3-Diaminopropane","NCCCN","HMDB0000002",428,"C3H10N2",NA,"NA","1.94","Y",NA
"HGMG_0035","HGMS_0004","1,5-Anhydrosorbitol","OC[C@H]1OC[C@H](O)[C@@H](O)[C@@H]1O","HMDB0002712",64960,"C6H12O5",164.06847,"NA","NA","N",NA
"HGMG_0036","HGMS_0004","2-Hydroxy-2-methylbutyric acid","CCC(C)(O)C(O)=O","HMDB0001987",95433,"C5H10O3",118.06299,"NA","5.19","Y",NA
"HGMG_0037","HGMS_0004","2-Oxovaleric acid","CCCC(=O)C(O)=O","HMDB0001865",74563,"C5H8O3",116.04734,"NA","NA","N",NA
"HGMG_0038","HGMS_0004","3-Penten-2-one","C\C=C\C(C)=O","HMDB0001184",637920,"C5H8O",84.05751,"NA","0.53","Y",NA
"HGMG_0039","HGMS_0004","4-Methylcatechol","CC1=CC=C(O)C(O)=C1","HMDB0000873",9958,"C7H8O2",124.05243,"NA","0.61","Y",NA
"HGMG_0040","HGMS_0005","gamma-Aminobutyric acid","NCCCC(O)=O","HMDB0000112",119,"C4H9NO2",103.06333,"0.87","4.93","Y",NA
"HGMG_0041","HGMS_0005","Trimethylamine Oxide","C[N+](C)(C)[O-]","HMDB0000925",1145,"C3H9NO",75.06841,"0.88","3.85","Y",NA
"HGMG_0042","HGMS_0005","3-Pyridylacetic acid","OC(=O)CC1=CN=CC=C1","HMDB0001538",108,"C7H7NO2",137.04768,"0.92","1.7","Y",NA
"HGMG_0043","HGMS_0005","PICOLINIC ACID","OC(=O)C1=CC=CC=N1","HMDB0002243",1018,"C6H5NO2",123.03203,"0.99","2.4500000000000002","Y",NA
"HGMG_0044","HGMS_0005","Triethylamine","CCN(CC)CC","HMDB0032539",8471,"C6H15N",101.12045,"1.03","5.43","Y",NA
"HGMG_0045","HGMS_0005","TRIMETHYLAMINE","CN(C)C","HMDB0000906",1146,"C3H9N",59.0735,"1.03","NA","N",NA
"HGMG_0046","HGMS_0005","3-METHYLBUTANOL","CC(C)CCO","HMDB0006007",31260,"C5H12O",88.08882,"NA","0.55000000000000004","Y",NA
"HGMG_0047","HGMS_0005","Isopropyl ethyl ketone","CCC(=O)C(C)C","HMDB0005846",11265,"C6H12O",100.08882,"NA","1.74","Y",NA
"HGMG_0048","HGMS_0005","Thiosulfate","OS(S)(=O)=O","HMDB0000257",1084,"O3S2",111.92889,"NA","NA","N",NA
"HGMG_0049","HGMS_0005","Valeric acid","CCCCC(O)=O","HMDB0000892",7991,"C5H10O2",102.06808,"NA","2.38","Y",NA
"HGMG_0050","HGMS_0006","5-Hydroxylysine","NC[C@H](O)CC[C@H](N)C(O)=O","HMDB0000450",3032849,"C6H14N2O3",162.10044,"0.8","NA","N",NA
"HGMG_0051","HGMS_0006","3-Methylhistidine","[H][C@](N)(CC1=CN=CN1C)C(O)=O","HMDB0000479",64969,"C7H11N3O2",169.08513,"0.82","NA","N",NA
"HGMG_0052","HGMS_0006","Raffinose","OC[C@H]1O[C@@](CO)(O[C@H]2O[C@H](CO[C@H]3O[C@H](CO)[C@H](O)[C@H](O)[C@H]3O)[C@@H](O)[C@H](O)[C@H]2O)[C@@H](O)[C@@H]1O","HMDB0003213",439242,"C18H32O16",504.169,"0.84","5.83","Y",NA
"HGMG_0053","HGMS_0006","Alloisoleucine","CC[C@@H](C)[C@H](N)C(O)=O","HMDB0000557",99288,"C6H13NO2",131.09463,"1.01","NA","N",NA
"HGMG_0054","HGMS_0006","N-Acetylglutamic acid","CC(=O)N[C@@H](CCC(O)=O)C(O)=O","HMDB0001138",70914,"C7H11NO5",189.06372,"1.01","NA","N",NA
"HGMG_0055","HGMS_0006","N-Acetylmethionine","CSCC[C@H](NC(C)=O)C(O)=O","HMDB0011745",448580,"C7H13NO3S",191.06162,"2.4900000000000002","1.04","Y",NA
"HGMG_0056","HGMS_0006","3,3-Dimethylglutaric acid","CC(C)(CC(O)=O)CC(O)=O","HMDB0002441",20984,"C7H12O4",160.07356,"2.7","NA","N",NA
"HGMG_0057","HGMS_0006","Oxoglutaric acid","OC(=O)CCC(=O)C(O)=O","HMDB0000208",51,"C5H6O5",146.02153,"11.23","4.09","Y",NA
"HGMG_0058","HGMS_0006","1,3-Propanediol","C(CO)CO","revoked",10442,NA,76.05243,"NA","NA","N",NA
"HGMG_0059","HGMS_0006","Butyric acid","CCCC(O)=O","HMDB0000039",264,"C4H8O2",88.05243,"NA","NA","N",NA
"HGMG_0060","HGMS_0007","2,4-Diaminobutyric acid","NCCC(N)C(O)=O","HMDB0002362",470,"C4H10N2O2",118.07423,"0.8","NA","N",NA
"HGMG_0061","HGMS_0007","Allothreonine","C[C@H](O)[C@H](N)C(O)=O","HMDB0004041",99289,"C4H9NO3",119.05824,"0.86","4.0599999999999996","Y",NA
"HGMG_0062","HGMS_0007","a-Aminobutyric acid","CC[C@H](N)C(O)=O","HMDB0000452",119,"C4H9NO2",103.06333,"0.87","NA","N",NA
"HGMG_0063","HGMS_0007","N-Acetylalanine","C[C@H](NC(C)=O)C(O)=O","HMDB0000766",88064,"C5H9NO3",131.05824,"1.01","1.74","Y",NA
"HGMG_0064","HGMS_0007","2-Hydroxybutyric acid","CC[C@H](O)C(O)=O","HMDB0000008",11266,"C4H8O3",NA,"NA","NA","N",NA
"HGMG_0065","HGMS_0007","Hydroxypropionic acid","OCCC(O)=O","HMDB0000700",68152,"C3H6O3",90.03169,"NA","3.84","Y",NA
"HGMG_0066","HGMS_0007","N-Methyl-a-aminoisobutyric acid","CNC(C)(C)C(O)=O","HMDB0002141",75725,"C5H11NO2",117.07898,"NA","0.72","Y",NA
"HGMG_0067","HGMS_0007","Propionic acid","CCC(O)=O","HMDB0000237",1032,"C3H6O2",74.03678,"NA","NA","N",NA
"HGMG_0068","HGMS_0007","PYRIMIDINE","C1=CN=CN=C1","HMDB0003361",9260,"C4H4N2",80.03745,"NA","0.78","Y",NA
"HGMG_0069","HGMS_0008","N-ACETYLPUTRESCINE","CC(=O)NCCCCN","HMDB0002064",122356,"C6H14N2O",130.11061,"0.89","5.98","Y",NA
"HGMG_0070","HGMS_0008","Glycyl-proline","NCC(=O)N1CCC[C@H]1C(O)=O","HMDB0000721",3013625,"C7H12N2O3",172.08479,"0.91","3.2","Y",NA
"HGMG_0071","HGMS_0008","Methylcysteine","CSC[C@@H](N)C(O)=O","HMDB0002108",225710,"C4H9NO2S",135.0354,"0.93","2.85","Y",NA
"HGMG_0072","HGMS_0008","L-Pipecollinic acid","OC(=O)[C@@H]1CCCCN1","HMDB0000716",439227,"C6H11NO2",129.07898,"0.94","3.19","Y",NA
"HGMG_0073","HGMS_0008","Beta-Leucine","CC(C)[C@@H](N)CC(O)=O","HMDB0003640",193411,"C6H13NO2",131.09463,"1.01","2.69","Y",NA
"HGMG_0074","HGMS_0008","Purine","N1C=NC2=C1C=NC=N2","HMDB0001366",1044,"C5H4N4",120.0436,"1.03","1.46","Y",NA
"HGMG_0075","HGMS_0008","2,2-Dimethylsuccinic acid","CC(C)(CC(O)=O)C(O)=O","HMDB0002074",11701,"C6H10O4",146.05791,"NA","2.61","Y",NA
"HGMG_0076","HGMS_0008","Levulinic acid","CC(=O)CCC(O)=O","HMDB0000720",11579,"C5H8O3",116.04734,"NA","NA","N",NA
"HGMG_0077","HGMS_0008","MONO-ETHYL MALONATE","CCOC(=O)CC(O)=O","HMDB0000576",70615,"C5H8O4",132.04226,"NA","NA","N",NA
"HGMG_0078","HGMS_0008","Pyrocatechol","OC1=CC=CC=C1O","HMDB0000957",289,"C6H6O2",110.03678,"NA","0.67","Y",NA
"HGMG_0079","HGMS_0009","BIS(3-AMINOPROPYL)AMINE","NCCCNCCCN","HMDB0011634",5942,"C6H17N3",131.14225,"0.74","0.55000000000000004","Y",NA
"HGMG_0080","HGMS_0009","Homocysteic acid","N[C@@H](CCS(O)(=O)=O)C(O)=O","HMDB0002205",92117,"C4H9NO5S",183.02014,"0.85","4.74","Y",NA
"HGMG_0081","HGMS_0009","Arabitol","OC[C@H](O)C(O)[C@@H](O)CO","HMDB0001851",94154,"C5H12O5",152.06847,"0.86","2.92","Y",NA
"HGMG_0082","HGMS_0009","Methionine sulfoxide","CS(=O)CC[C@H](N)C(O)=O","HMDB0002005",158980,"C5H11NO3S",165.04596,"0.86","3.81","Y",NA
"HGMG_0083","HGMS_0009","N-Methyl-D-aspartic acid","CN[C@H](CC(O)=O)C(O)=O","HMDB0002393",22880,"C5H9NO4",147.05316,"0.86","3.9","Y",NA
"HGMG_0084","HGMS_0009","Cotinine","CN1C(CCC1=O)C1=CN=CC=C1","HMDB0001046",854019,"C10H12N2O",176.09496,"1.03","NA","N",NA
"HGMG_0085","HGMS_0009","Monomethyl glutaric acid","COC(=O)CCCC(O)=O","HMDB0000858",73917,"C6H10O4",146.05791,"2.61","1.02","Y",NA
"HGMG_0086","HGMS_0009","Dehydroascorbic acid","[H][C@@]1(OC(=O)C(=O)C1=O)[C@@H](O)CO","HMDB0001264",440667,"C6H6O6",174.01644,"NA","NA","N",NA
"HGMG_0087","HGMS_0009","Gulonic acid","OC[C@@H](O)[C@H](O)[C@@H](O)[C@@H](O)C(O)=O","HMDB0003290",152304,"C6H12O7",196.0583,"NA","0.72","Y",NA
"HGMG_0088","HGMS_0009","Hydroxyoctanoic acid","CCCCCCC(O)C(O)=O","HMDB0000711",94180,"C8H16O3",160.10994,"NA","NA","N",NA
"HGMG_0089","HGMS_0010","Ornithine","NCCC[C@H](N)C(O)=O","HMDB0000214",6262,"C5H12N2O2",132.08988,"0.81","NA","N",NA
"HGMG_0090","HGMS_0010","D-Glutamine","N[C@H](CCC(N)=O)C(O)=O","HMDB0003423",145815,"C5H10N2O3",146.06914,"0.85","4.38","Y",NA
"HGMG_0091","HGMS_0010","Stachyose","OC[C@H]1O[C@@](CO)(O[C@H]2O[C@H](CO[C@H]3O[C@H](CO[C@H]4O[C@H](CO)[C@H](O)[C@H](O)[C@H]4O)[C@H](O)[C@H](O)[C@H]3O)[C@@H](O)[C@H](O)[C@H]2O)[C@@H](O)[C@@H]1O","HMDB0003553",439531,"C24H42O21",666.22186,"0.85","7.68","Y",NA
"HGMG_0092","HGMS_0010","beta-N-Acetylglucosamine","CC(=O)N[C@H]1[C@H](O)O[C@H](CO)[C@@H](O)[C@@H]1O","HMDB0000803",24139,"C8H15NO6",221.08994,"0.89","2.63","Y",NA
"HGMG_0093","HGMS_0010","5-Methylcytidine","CC1=CN([C@@H]2O[C@H](CO)[C@@H](O)[C@H]2O)C(=O)N=C1N","HMDB0000982",92918,"C10H15N3O5",257.10117,"0.93","2.04","Y",NA
"HGMG_0094","HGMS_0010","Salicin","OC[C@H]1O[C@@H](OC2=C(CO)C=CC=C2)[C@H](O)[C@@H](O)[C@@H]1O","HMDB0003546",439503,"C13H18O7",286.10525,"2.2599999999999998","1.28","Y",NA
"HGMG_0095","HGMS_0010","3'-Sialyllactose","[H][C@]1(O[C@@](C[C@H](O)[C@H]1NC(C)=O)(O[C@H]1[C@@H](O)[C@@H](CO)O[C@@H](O[C@H]([C@H](O)CO)[C@H](O)[C@@H](O)C=O)[C@@H]1O)C(O)=O)[C@H](O)[C@H](O)CO","HMDB0000825",123914,"C23H39NO19",633.21163,"NA","4.51","Y",NA
"HGMG_0096","HGMS_0010","Oxalic acid","OC(=O)C(O)=O","HMDB0002329",971,"C2H2O4",89.99531,"NA","NA","N",NA
"HGMG_0097","HGMS_0010","PHENYLACETIC ACID","OC(=O)CC1=CC=CC=C1","HMDB0000209",999,"C8H8O2",136.05243,"NA","NA","N",NA
"HGMG_0098","HGMS_0010","Sedoheptulose","OC[C@H]1O[C@](O)(CO)[C@@H](O)[C@H](O)[C@@H]1O","HMDB0003219",5459879,"C7H14O7",210.07395,"NA","1.53","Y",NA
"HGMG_0099","HGMS_0011","DIETHANOLAMINE","OCCNCCO","HMDB0004437",8113,"C4H11NO2",105.07898,"0.83","4.17","Y",NA
"HGMG_0100","HGMS_0011","3-Aminoisobutanoic acid","CC(CN)C(O)=O","HMDB0003911",64956,"C4H9NO2",103.06333,"0.87","3.62","Y",NA
"HGMG_0101","HGMS_0011","Pipecolic acid","OC(=O)C1CCCCN1","HMDB0000070",849,"C6H11NO2",129.07898,"0.94","3.2","Y",NA
"HGMG_0102","HGMS_0011","Benzamide","NC(=O)C1=CC=CC=C1","HMDB0004461",2331,"C7H7NO",121.05276,"2.72","0.68","Y",NA
"HGMG_0103","HGMS_0011","Cyclohexanone","O=C1CCCCC1","HMDB0003315",7967,"C6H10O",98.07316,"3.45","0.56999999999999995","Y",NA
"HGMG_0104","HGMS_0011","2-Phenylethanol","OCCC1=CC=CC=C1","HMDB0033944",6054,"C8H10O",122.07316,"4.2","0.55000000000000004","Y",NA
"HGMG_0105","HGMS_0011","2-Hydroxyethanesulfonate","OCCS(O)(=O)=O","HMDB0003903",3955599,"C2H6O4S",125.99868,"NA","1.8","Y",NA
"HGMG_0106","HGMS_0011","BENZYL ALCOHOL","OCC1=CC=CC=C1","HMDB0003119",244,"C7H8O",108.05752,"NA","0.55000000000000004","Y",NA
"HGMG_0107","HGMS_0011","Phenol","OC1=CC=CC=C1","HMDB0000228",996,"C6H6O",94.04186,"NA","0.55000000000000004","Y",NA
"HGMG_0108","HGMS_0011","Succinic anhydride","O=C1CCC(=O)O1","HMDB0032523",7922,"C4H4O3",100.01604,"NA","NA","N",NA
"HGMG_0109","HGMS_0012","Glycerol 3-phosphate","OC[C@@H](O)COP(O)(O)=O","HMDB0000126",754,"C3H9O6P",172.0137,"0.85","4.6399999999999997","Y",NA
"HGMG_0110","HGMS_0012","Phosphoserine","N[C@@H](COP(O)(O)=O)C(O)=O","HMDB0000272",68841,"C3H8NO6P",NA,"0.86","5.85","Y",NA
"HGMG_0111","HGMS_0012","threo-Isocitric acid","O[C@H]([C@H](CC(O)=O)C(O)=O)C(O)=O","HMDB0001874",5318532,"C6H8O7",192.027,"0.95","NA","N",NA
"HGMG_0112","HGMS_0012","L(-)-Nicotine","[H][C@]1(CCCN1C)C1=CC=CN=C1","HMDB0001934",89594,"C10H14N2",162.1157,"1.01","0.66","Y",NA
"HGMG_0113","HGMS_0012","Uridine","OC[C@H]1O[C@H]([C@H](O)[C@@H]1O)N1C=CC(=O)NC1=O","HMDB0000296",6029,"C9H12N2O6",244.06954,"1.01","1.53","Y",NA
"HGMG_0114","HGMS_0012","Phenylpropanolamine","C[C@@H](N)[C@@H](O)C1=CC=CC=C1","HMDB0001942",10297,"C9H13NO",151.09971,"1.17","1.2","Y",NA
"HGMG_0115","HGMS_0012","Sumiki's acid","OCC1=CC=C(O1)C(O)=O","HMDB0002432",80642,"C6H6O4",142.02661,"1.54","1.91","Y",NA
"HGMG_0116","HGMS_0012","2-Ethyl-2-Hydroxybutyric acid","CCC(O)(CC)C(O)=O","HMDB0001975",77199,"C6H12O3",132.07864,"4.78","1.41","Y",NA
"HGMG_0117","HGMS_0012","Itaconic acid","OC(=O)CC(=C)C(O)=O","HMDB0002092",811,"C5H6O4",130.02661,"NA","4.43","Y",NA
"HGMG_0118","HGMS_0012","Mandelic acid","O[C@H](C(O)=O)C1=CC=CC=C1","HMDB0000703",1292,"C8H8O3",152.04734,"NA","NA","N",NA
"HGMG_0119","HGMS_0013","Trehalose","OC[C@H]1O[C@H](O[C@H]2O[C@H](CO)[C@@H](O)[C@H](O)[C@H]2O)[C@H](O)[C@@H](O)[C@@H]1O","HMDB0000975",7427,"C12H22O11",342.1162,"0.85","4.8499999999999996","Y",NA
"HGMG_0120","HGMS_0013","alpha-D-Glucose","OC[C@H]1O[C@H](O)[C@H](O)[C@@H](O)[C@@H]1O","HMDB0003345",79025,"C6H12O6",180.06339,"NA","3.57","Y",NA
"HGMG_0121","HGMS_0013","ASCORBATE","[H][C@@]1(OC(=O)C(O)=C1O)[C@@H](O)CO","HMDB0000044",54679076,"C6H8O6",176.03209,"NA","NA","N",NA
"HGMG_0122","HGMS_0013","FORMAMIDE","NC=O","HMDB0001536",713,"CH3NO",45.02146,"NA","NA","N",NA
"HGMG_0123","HGMS_0013","ortho-Cresol","CC1=CC=CC=C1O","HMDB0002055",335,"C7H8O",108.05751,"NA","NA","N",NA
"HGMG_0124","HGMS_0013","para-Hydroxyphenylacetic acid","OC(=O)CC1=CC=C(O)C=C1","HMDB0000020",127,"C8H8O3",152.04735,"NA","NA","N",NA
"HGMG_0125","HGMS_0013","Thiamine","CC1=C(CCO)SC=[N+]1CC1=CN=C(C)N=C1N","HMDB0000235",1130,"C12H17N4OS",265.11231,"NA","NA","N",NA
"HGMG_0126","HGMS_0013","Thiocyanate","[S-]C#N","HMDB0001453",9322,"CNS",57.97514,"NA","NA","N",NA
"HGMG_0127","HGMS_0013","Xylose","O[C@@H]1COC(O)[C@H](O)[C@H]1O","HMDB0000098",135191,"C5H10O5",NA,"NA","0.51","Y",NA
"HGMG_0128","HGMS_0014","CADAVERINE","NCCCCCN","HMDB0002322",273,"C5H14N2",102.1157,"0.78","NA","N",NA
"HGMG_0129","HGMS_0014","Fructose","OC[C@H]1O[C@](O)(CO)[C@@H](O)[C@@H]1O","HMDB0000660",2723872,"C6H12O6",180.06339,"0.85","3.05","Y",NA
"HGMG_0130","HGMS_0014","Creatinine","CN1CC(=O)NC1=N","HMDB0000562",588,"C4H7N3O",113.05891,"0.89","1.65","Y",NA
"HGMG_0131","HGMS_0014","Dihydrouracil","O=C1CCNC(=O)N1","HMDB0000076",649,"C4H6N2O2",114.04293,"1.02","4.12","Y",NA
"HGMG_0132","HGMS_0014","3-Hydroxyisovaleric acid","CC(C)(O)CC(O)=O","HMDB0000754",69362,"C5H10O3",118.06299,"NA","0.56999999999999995","Y",NA
"HGMG_0133","HGMS_0014","Acrylamide","NC(=O)C=C","HMDB0004296",6579,"C3H5NO",71.03711,"NA","0.88","Y",NA
"HGMG_0134","HGMS_0014","Ethylmalonic acid","CCC(C(O)=O)C(O)=O","HMDB0000622",11756,"C5H8O4",132.04226,"NA","NA","N",NA
"HGMG_0135","HGMS_0014","Threitol","OC[C@@H](O)[C@H](O)CO","HMDB0004136",169019,"C4H10O4",122.05791,"NA","1.65","Y",NA
"HGMG_0136","HGMS_0015","Galactitol","OC[C@H](O)[C@@H](O)[C@@H](O)[C@H](O)CO","HMDB0000107",11850,"C6H14O6",182.07904,"0.84","3.46","Y",NA
"HGMG_0137","HGMS_0015","Galacturonic acid","O[C@@H](C=O)[C@@H](O)[C@@H](O)[C@H](O)C(O)=O","HMDB0002545",439215,"C6H10O7",NA,"0.84","4.75","Y",NA
"HGMG_0138","HGMS_0015","Galactose","OC[C@H]1O[C@H](O)[C@H](O)[C@@H](O)[C@H]1O","HMDB0000143",6036,"C6H12O6",NA,"0.85","3.68","Y",NA
"HGMG_0139","HGMS_0015","Lactulose","OC[C@H]1O[C@](O)(CO)[C@@H](O)[C@@H]1O[C@@H]1O[C@H](CO)[C@H](O)[C@H](O)[C@H]1O","HMDB0000740",11333,"C12H22O11",342.11621,"0.86","4.38","Y",NA
"HGMG_0140","HGMS_0015","Dopamine","NCCC1=CC(O)=C(O)C=C1","HMDB0000073",681,"C8H11NO2",153.07898,"1.02","1.1599999999999999","Y",NA
"HGMG_0141","HGMS_0015","2-Isopropylmalic acid","CC(C)[C@@](O)(CC(O)=O)C(O)=O","HMDB0000402",77,"C7H12O5",176.06847,"NA","NA","N",NA
"HGMG_0142","HGMS_0015","Acetylglycine","CC(=O)NCC(O)=O","HMDB0000532",10972,"C4H7NO3",117.04259,"NA","2.1800000000000002","Y",NA
"HGMG_0143","HGMS_0015","D-Xylulose","OC[C@@]1(O)OC[C@@H](O)[C@@H]1O","HMDB0001644",5289590,"C5H10O5",150.05282,"NA","2.3199999999999998","Y",NA
"HGMG_0144","HGMS_0015","Gluconic acid","OC[C@@H](O)[C@@H](O)[C@H](O)[C@@H](O)C(O)=O","HMDB0000625",10690,"C6H12O7",196.0583,"NA","NA","N",NA
"HGMG_0145","HGMS_0016","Homoserine","N[C@@H](CCO)C(O)=O","HMDB0000719",779,"C4H9NO3",NA,"0.86","4.4000000000000004","Y",NA
"HGMG_0146","HGMS_0016","HOMOCYSTEINE","N[C@@H](CCS)C(O)=O","HMDB0000742",91552,"C4H9NO2S",135.0354,"0.94","3.03","Y",NA
"HGMG_0147","HGMS_0016","Glyceric acid","OC[C@@H](O)C(O)=O","HMDB0000139",752,"C3H6O4",106.02661,"NA","NA","N",NA
"HGMG_0148","HGMS_0016","Glycolic acid","OCC(O)=O","HMDB0000115",757,"C2H4O3",NA,"NA","NA","N",NA
"HGMG_0149","HGMS_0016","Glyoxylic acid","OC(=O)C=O","HMDB0000119",760,"C2H2O3",74.00039,"NA","NA","N",NA
"HGMG_0150","HGMS_0016","Malonic acid","OC(=O)CC(O)=O","HMDB0000691",867,"C3H4O4",104.01096,"NA","NA","N",NA
"HGMG_0151","HGMS_0016","Methylmalonic acid","CC(C(O)=O)C(O)=O","HMDB0000202",487,"C4H6O4",118.02661,"NA","0.53","Y",NA
"HGMG_0152","HGMS_0016","Methylsuccinic acid","C[C@@H](CC(O)=O)C(O)=O","HMDB0001844",10349,"C5H8O4",132.04226,"NA","NA","N",NA
"HGMG_0153","HGMS_0016","NICOTINAMIDE","NC(=O)C1=CC=CN=C1","HMDB0001406",936,"C6H6N2O",122.04801,"NA","0.93","Y",NA
"HGMG_0154","HGMS_0017","Histidine","N[C@@H](CC1=CN=CN1)C(O)=O","HMDB0000177",6274,"C6H9N3O2",155.06947,"0.81","0.94","Y",NA
"HGMG_0155","HGMS_0017","Glucosamine","N[C@H]1C(O)O[C@H](CO)[C@@H](O)[C@@H]1O","HMDB0001514",439213,"C6H13NO5",179.07938,"0.82","3.6","Y",NA
"HGMG_0156","HGMS_0017","Citrulline","N[C@@H](CCCNC(N)=O)C(O)=O","HMDB0000904",9750,"C6H13N3O3",175.09569,"0.86","5.0199999999999996","Y",NA
"HGMG_0157","HGMS_0017","N-Acetylmannosamine","CC(=O)N[C@@H]1[C@H](O)O[C@H](CO)[C@@H](O)[C@@H]1O","HMDB0001129",11096158,"C8H15NO6",NA,"0.88","2.75","Y",NA
"HGMG_0158","HGMS_0017","N-Acetylglutamine","CC(=O)N[C@@H](CCC(N)=O)C(O)=O","HMDB0006029",182230,"C7H12N2O4",188.07971,"0.95","2.54","Y",NA
"HGMG_0159","HGMS_0017","N-Acetyltyrosine","CC(=O)N[C@@H](CC1=CC=C(O)C=C1)C(O)=O","HMDB0000866",68310,"C11H13NO4",223.08446,"2.35","1.38","Y",NA
"HGMG_0160","HGMS_0017","6-DEOXY-L-GALACTOSE","C[C@@H]1O[C@@H](O)[C@@H](O)[C@H](O)[C@@H]1O","HMDB0000174",17106,"C6H12O5",164.06848,"NA","NA","N",NA
"HGMG_0161","HGMS_0017","Glucuronic acid","O[C@H]1O[C@@H]([C@@H](O)[C@H](O)[C@H]1O)C(O)=O","HMDB0000127",94715,"C6H10O7",194.04265,"NA","NA","N",NA
"HGMG_0162","HGMS_0017","Homogentisic acid","OC(=O)CC1=C(O)C=CC(O)=C1","HMDB0000130",780,"C8H8O4",NA,"NA","2.75","Y",NA
"HGMG_0163","HGMS_0018","Maltitol","OC[C@H](O)[C@@H](O)[C@H](O[C@H]1O[C@H](CO)[C@@H](O)[C@H](O)[C@H]1O)[C@H](O)CO","HMDB0002928",493591,"C12H24O11",344.13186,"0.84","4.4800000000000004","Y",NA
"HGMG_0164","HGMS_0018","Allose","[H][C@@]1(CO)OC(O)[C@@]([H])(O)[C@@]([H])(O)[C@@]1([H])O","HMDB0001151",439507,"C6H12O6",180.06339,"0.85","3.12","Y",NA
"HGMG_0165","HGMS_0018","Isomaltose","OC[C@H]1O[C@H](OC[C@H]2O[C@@H](O)[C@H](O)[C@@H](O)[C@@H]2O)[C@H](O)[C@@H](O)[C@@H]1O","HMDB0002923",439193,"C12H22O11",342.11621,"0.85","NA","N",NA
"HGMG_0166","HGMS_0018","N-Acetylneuraminic acid","[H][C@]1(O[C@@](O)(C[C@H](O)[C@H]1NC(C)=O)C(O)=O)[C@H](O)[C@H](O)CO","HMDB0000230",439197,"C11H19NO9",309.10598,"0.87","3.59","Y",NA
"HGMG_0167","HGMS_0018","Sucrose","OC[C@H]1O[C@@](CO)(O[C@H]2O[C@H](CO)[C@@H](O)[C@H](O)[C@H]2O)[C@@H](O)[C@@H]1O","HMDB0000258",5988,"C12H22O11",342.11621,"0.87","NA","N",NA
"HGMG_0168","HGMS_0018","Inosine","OC[C@H]1O[C@H]([C@H](O)[C@@H]1O)N1C=NC2=C(O)N=CN=C12","HMDB0000195",1.35e+08,"C10H12N4O5",268.08077,"1.02","2.21","Y",NA
"HGMG_0169","HGMS_0018","Glutaric acid","OC(=O)CCCC(O)=O","HMDB0000661",743,"C5H8O4",132.04226,"NA","3.32","Y",NA
"HGMG_0170","HGMS_0018","Mesaconic acid","C\C(=C/C(O)=O)C(O)=O","HMDB0000749",638129,"C5H6O4",130.02661,"NA","4.4000000000000004","Y",NA
"HGMG_0171","HGMS_0018","Phenylglyoxylic acid","OC(=O)C(=O)C1=CC=CC=C1","HMDB0001587",11915,"C8H6O3",150.03169,"NA","0.53","Y",NA
"HGMG_0172","HGMS_0019","O-Phosphoethanolamine","NCCOP(O)(O)=O","HMDB0000224",1015,"C2H8NO4P",141.0191,"0.84","6.45","Y",NA
"HGMG_0173","HGMS_0019","Sarcosine","CNCC(O)=O","HMDB0000271",1088,"C3H7NO2",89.04768,"0.86","3.98","Y",NA
"HGMG_0174","HGMS_0019","Taurine","NCCS(O)(=O)=O","HMDB0000251",1123,"C2H7NO3S",125.01466,"0.86","3.47","Y",NA
"HGMG_0175","HGMS_0019","Xylitol","OC[C@H](O)[C@@H](O)[C@H](O)CO","HMDB0002917",6912,"C5H12O5",152.06847,"0.86","2.92","Y",NA
"HGMG_0176","HGMS_0019","Pyrrolidonecarboxylic acid","OC(=O)[C@@H]1CCC(=O)N1","HMDB0000805",7405,"C5H7NO3",129.04259,"1.01","2.2599999999999998","Y",NA
"HGMG_0177","HGMS_0019","Oxalacetic acid","OC(=O)CC(=O)C(O)=O","HMDB0000223",970,"C4H4O5",132.00588,"NA","NA","N",NA
"HGMG_0178","HGMS_0019","Putrescine","NCCCCN","HMDB0001414",1045,"C4H12N2",88.10005,"NA","0.56999999999999995","Y",NA
"HGMG_0179","HGMS_0019","Tartaric acid","O[C@H]([C@@H](O)C(O)=O)C(O)=O","HMDB0059916",444305,"C4H6O6",150.01644,"NA","NA","N",NA
"HGMG_0180","HGMS_0019","Threonic acid","OC[C@H](O)[C@@H](O)C(O)=O","HMDB0000943",151152,"C4H8O5",136.03717,"NA","NA","N",NA
"HGMG_0181","HGMS_0019","Urea","NC(N)=O","HMDB0000294",1176,"CH4N2O",60.03236,"NA","NA","N",NA
"HGMG_0182","HGMS_0020","PYRIDOXAMINE","CC1=C(O)C(CN)=C(CO)C=N1","HMDB0001431",1052,"C8H12N2O2",168.08988,"0.83","NA","N",NA
"HGMG_0183","HGMS_0020","Pyridoxal","CC1=NC=C(CO)C(C=O)=C1O","HMDB0001545",1050,"C8H9NO3",167.05824,"0.96","NA","N",NA
"HGMG_0184","HGMS_0020","Pyridoxine","CC1=C(O)C(CO)=C(CO)C=N1","HMDB0000239",1054,"C8H11NO3",169.07389,"1.01","1.51","Y",NA
"HGMG_0185","HGMS_0020","Pantothenic acid","CC(C)(CO)[C@@H](O)C(=O)NCCC(O)=O","HMDB0000210",6613,"C9H17NO5",219.11067,"1.03","1.71","Y",NA
"HGMG_0186","HGMS_0020","Pimelic acid","OC(=O)CCCCCC(O)=O","HMDB0000857",385,"C7H12O4",160.07356,"NA","NA","N",NA
"HGMG_0187","HGMS_0020","Rhamnose","C[C@@H]1OC(O)[C@H](O)[C@H](O)[C@H]1O","HMDB0000849",25310,"C6H12O5",164.0685,"NA","NA","N",NA
"HGMG_0188","HGMS_0020","Ribose","OC[C@H]1OC(O)[C@H](O)[C@@H]1O","HMDB0000283",10975657,"C5H10O5",NA,"NA","0.51","Y",NA
"HGMG_0189","HGMS_0020","Shikimic acid","O[C@@H]1CC(=C[C@@H](O)[C@H]1O)C(O)=O","HMDB0003070",8742,"C7H10O5",174.05282,"NA","NA","N",NA
"HGMG_0190","HGMS_0020","Sorbitol","OC[C@H](O)[C@@H](O)[C@H](O)[C@H](O)CO","HMDB0000247",5780,"C6H14O6",182.07904,"NA","3.38","Y",NA
"HGMG_0191","HGMS_0020","Spermine","NCCCNCCCCNCCCN","HMDB0001256",1103,"C10H26N4",202.21575,"NA","0.56000000000000005","Y",NA
"HGMG_0192","HGMS_0021","O-Phosphoserine","NC(COP(O)(O)=O)C(O)=O","HMDB0001721",68841,"C3H8NO6P",185.00892,"0.86","5.87","Y",NA
"HGMG_0193","HGMS_0021","Turanose","OC[C@@H](O)[C@@H](O)[C@H](O[C@H]1O[C@H](CO)[C@@H](O)[C@H](O)[C@H]1O)C(=O)CO","HMDB0011740",5460935,"C12H22O11",342.11621,"0.86","4.22","Y",NA
"HGMG_0194","HGMS_0021","3-Hydroxyanthranilic acid","NC1=C(O)C=CC=C1C(O)=O","HMDB0001476",86,"C7H7NO3",153.04259,"2.0499999999999998","2.19","Y",NA
"HGMG_0195","HGMS_0021","meta-Coumaric acid","OC(=O)\C=C\C1=CC(O)=CC=C1","HMDB0001713",637541,"C9H8O3",164.04734,"3.48","1.37","Y",NA
"HGMG_0196","HGMS_0021","Indolepyruvate","OC(=O)C(=O)CC1=CNC2=C1C=CC=C2","HMDB0060484",803,"C11H9NO3",203.05824,"4.75","4","Y",NA
"HGMG_0197","HGMS_0021","Quercetin","OC1=CC(O)=C2C(OC(=C(O)C2=O)C2=CC(O)=C(O)C=C2)=C1","HMDB0005794",5280343,"C15H10O7",302.04265,"4.9000000000000004","NA","N",NA
"HGMG_0198","HGMS_0021","Estradiol","[H][C@@]12CC[C@H](O)[C@@]1(C)CC[C@]1([H])C3=C(CC[C@@]21[H])C=C(O)C=C3","HMDB0000151",5757,"C18H24O2",272.17763,"6.12","0.56999999999999995","Y",NA
"HGMG_0199","HGMS_0021","Naproxen","COC1=CC2=C(C=C1)C=C(C=C2)[C@H](C)C(O)=O","HMDB0001923",156391,"C14H14O3",230.09429,"6.41","0.69","Y",NA
"HGMG_0200","HGMS_0021","3-Methylindole","CC1=CNC2=C1C=CC=C2","HMDB0000466",6736,"C9H9N",131.0735,"6.56","0.67","Y",NA
"HGMG_0201","HGMS_0021","Deoxycholic acid","[H][C@@]1(CC[C@@]2([H])[C@]3([H])CC[C@]4([H])C[C@H](O)CC[C@]4(C)[C@@]3([H])C[C@H](O)[C@]12C)[C@H](C)CCC(O)=O","HMDB0000626",222528,"C24H40O4",392.29266,"7.23","0.68","Y",NA
"HGMG_0202","HGMS_0021","BENZALDEHYDE","O=CC1=CC=CC=C1","HMDB0006115",240,"C7H6O",106.04187,"NA","0.54","Y",NA
"HGMG_0203","HGMS_0021","cis,cis-Muconic acid","OC(=O)\C=C/C=C\C(O)=O","HMDB0006331",5280518,"C6H6O4",142.02661,"NA","NA","N",NA
"HGMG_0204","HGMS_0021","Cyanate","OC#N","HMDB0002078",105034,"CNO",41.99799,"NA","NA","N",NA
"HGMG_0205","HGMS_0021","Cytidine triphosphate","NC1=NC(=O)N(C=C1)[C@@H]1O[C@H](COP(O)(=O)OP(O)(=O)OP(O)(O)=O)[C@@H](O)[C@H]1O","HMDB0000082",6176,"C9H16N3O14P3",482.98452,"NA","7.63","Y",NA
"HGMG_0206","HGMS_0021","Quinaldic acid","OC(=O)C1=NC2=C(C=CC=C2)C=C1","HMDB0000842",7124,"C10H7NO2",173.04768,"NA","1.44","Y",NA
"HGMG_0207","HGMS_0022","Citicoline","C[N+](C)(C)CCOP(O)(=O)OP(O)(=O)OC[C@H]1O[C@H]([C@H](O)[C@@H]1O)N1C=CC(N)=NC1=O","HMDB0001413",13804,"C14H26N4O11P2",488.10733,"0.85","5.43","Y",NA
"HGMG_0208","HGMS_0022","FAPy-adenine","NC1=NC=NC(N)=C1NC=O","HMDB0004816",114926,"C15H11N3O3",153.06506,"0.85","2.19","Y",NA
"HGMG_0209","HGMS_0022","Hypotaurine","NCCS(O)=O","HMDB0000965",107812,"C2H7NO2S",109.01975,"0.85","4.2300000000000004","Y",NA
"HGMG_0210","HGMS_0022","Iodotyrosine","N[C@@H](CC1=CC=C(O)C(I)=C1)C(O)=O","HMDB0000021",439744,"C9H10INO3",306.97054,"1.45","2.54","Y",NA
"HGMG_0211","HGMS_0022","3-Indolebutyric acid","OC(=O)CCCC1=CNC2=C1C=CC=C2","HMDB0002096",8617,"C12H13NO2",203.09463,"5.56","0.94","Y",NA
"HGMG_0212","HGMS_0022","TRANS-CINNAMALDEHYDE","O=C\C=C\C1=CC=CC=C1","HMDB0003441",637511,"C9H8O",132.05752,"5.58","0.64","Y",NA
"HGMG_0213","HGMS_0022","Dodecanedioic acid","OC(=O)CCCCCCCCCCC(O)=O","HMDB0000623",12736,"C12H22O4",230.15181,"5.71","1.62","Y",NA
"HGMG_0214","HGMS_0022","2-Octenoic acid","CCCCC\C=C/C(O)=O","HMDB0000392",5282714,"C8H14O2",142.09938,"6.16","NA","N",NA
"HGMG_0215","HGMS_0022","Hyodeoxycholic acid","[H][C@@]12CC[C@H]([C@H](C)CCC(O)=O)[C@@]1(C)CC[C@@]1([H])[C@@]2([H])C[C@H](O)C2C[C@H](O)CC[C@]12C","HMDB0000733",5283820,"C24H40O4",392.29266,"6.4","NA","N",NA
"HGMG_0216","HGMS_0022","3-Phenylbutyric acid","CC(CC(O)=O)C1=CC=CC=C1","HMDB0001955",20724,"C10H12O2",164.08373,"8.4600000000000009","0.53","Y",NA
"HGMG_0217","HGMS_0022","alpha-Linolenic acid","CC\C=C/C\C=C/C\C=C/CCCCCCCC(O)=O","HMDB0001388",5280934,"C18H30O2",278.22458,"9.16","0.54","Y",NA
"HGMG_0218","HGMS_0022","2-Oxoarginine","NC(N)=NCCCC(=O)C(O)=O","HMDB0004225",558,"C6H11N3O3",173.08004,"NA","2.1800000000000002","Y",NA
"HGMG_0219","HGMS_0022","Clotrimazole","ClC1=CC=CC=C1C(N1C=CN=C1)(C1=CC=CC=C1)C1=CC=CC=C1","HMDB0001922",2812,"C22H17ClN2",344.10803,"NA","0.54","Y",NA
"HGMG_0220","HGMS_0022","ETHANOLAMINE","NCCO","HMDB0000149",700,"C2H7NO",61.05276,"NA","NA","N",NA
"HGMG_0221","HGMS_0022","Undecanoic acid","CCCCCCCCCCC(O)=O","HMDB0000947",8180,"C11H22O2",186.16198,"NA","5.43","Y",NA
"HGMG_0222","HGMS_0023","HISTAMINE","NCCC1=CNC=N1","HMDB0000870",774,"C5H9N3",111.07965,"0.78","8.42","Y",NA
"HGMG_0223","HGMS_0023","Acetylcarnitine","CC(=O)O[C@H](CC(O)=O)C[N+](C)(C)C","HMDB0000201",7045767,"C9H17NO4",203.11576,"1.01","3.08","Y",NA
"HGMG_0224","HGMS_0023","3-Methylglutaconic acid","C\C(CC(O)=O)=C/C(O)=O","HMDB0000522",1551553,"C6H8O4",144.04226,"2.25","3.09","Y",NA
"HGMG_0225","HGMS_0023","5-Methoxytryptophan","COC1=CC2=C(NC=C2C[C@H](N)C(O)=O)C=C1","HMDB0002339",151018,"C12H14N2O3",234.10044,"2.5499999999999998","2.2200000000000002","Y",NA
"HGMG_0226","HGMS_0023","Suberic acid","OC(=O)CCCCCCC(O)=O","HMDB0000893",10457,"C8H14O4",174.08921,"3.42","3.27","Y",NA
"HGMG_0227","HGMS_0023","Tauroursodeoxycholic acid","[H][C@@]12CC[C@H]([C@H](C)CCC(=O)NCCS(O)(=O)=O)[C@@]1(C)CC[C@@]1([H])[C@@]2([H])[C@@H](O)CC2C[C@H](O)CC[C@]12C","HMDB0000874",9848818,"C26H45NO6S",499.29676,"4.99","0.63","Y",NA
"HGMG_0228","HGMS_0023","Cortexolone","[H][C@@]12CC[C@](O)(C(=O)CO)[C@@]1(C)CC[C@@]1([H])[C@@]2([H])CCC2=CC(=O)CC[C@]12C","HMDB0000015",440707,"C21H30O4",346.21441,"5.71","0.57999999999999996","Y",NA
"HGMG_0229","HGMS_0023","Isoeugenol","COC1=CC(\C=C\C)=CC=C1O","HMDB0005802",853433,"C10H12O2",164.08373,"6.21","0.56000000000000005","Y",NA
"HGMG_0230","HGMS_0023","Ursodeoxycholic acid","[H][C@@]1(CC[C@@]2([H])[C@]3([H])[C@@H](O)C[C@]4([H])C[C@H](O)CC[C@]4(C)[C@@]3([H])CC[C@]12C)[C@H](C)CCC(O)=O","HMDB0000946",31401,"C24H40O4",392.29266,"6.39","0.51","Y",NA
"HGMG_0231","HGMS_0023","Tolnaftate","CN(C(=S)OC1=CC2=CC=CC=C2C=C1)C1=CC=CC(C)=C1","HMDB0005005",5510,"C19H17NOS",307.10308,"9.11","0.52","Y",NA
"HGMG_0232","HGMS_0023","Linoleic acid","CCCCC\C=C/C\C=C/CCCCCCCC(O)=O","HMDB0000673",5280450,"C18H32O2",280.24023,"9.51","0.54","Y",NA
"HGMG_0233","HGMS_0023","3,5-Dihydroxybenzoic acid","OC(=O)C1=CC(O)=CC(O)=C1","HMDB0013677",7424,"C7H6O4",154.02661,"NA","NA","N",NA
"HGMG_0234","HGMS_0023","Dodecanol","CCCCCCCCCCCCO","HMDB0011626",8193,"C12H26O",186.19837,"NA","NA","N",NA
"HGMG_0235","HGMS_0023","Hydroxyisocaproic acid","CC(C)C[C@H](O)C(O)=O","HMDB0000746",83697,"C6H12O3",132.07864,"NA","0.53","Y",NA
"HGMG_0236","HGMS_0023","Imidazole","N1C=CN=C1","HMDB0001525",795,"C3H4N2",68.03745,"NA","NA","N",NA
"HGMG_0237","HGMS_0024","7-Methylguanine","CN1C=NC2=C1C(=O)N=C(N)N2","HMDB0000897",1.35e+08,"C6H7N5O",165.06506,"1.02","1.56","Y",NA
"HGMG_0238","HGMS_0024","Sepiapterin","C[C@H](O)C(=O)C1=NC2=C(NC1)NC(N)=NC2=O","HMDB0000238",1.35e+08,"C9H11N5O3",237.08619,"1.03","1.41","Y",NA
"HGMG_0239","HGMS_0024","Isobutyrylglycine","CC(C)C(=O)NCC(O)=O","HMDB0000730",10855600,"C6H11NO3",145.07389,"1.57","1.18","Y",NA
"HGMG_0240","HGMS_0024","(2E,4E)-2,4-Hexadienoic acid","C\C=C\C=C\C(O)=O","HMDB0029581",643460,"C6H8O2",112.05243,"4.07","NA","N",NA
"HGMG_0241","HGMS_0024","Leucinic acid","CC(C)CC(O)C(O)=O","HMDB0000665",92779,"C6H12O3",132.07864,"4.78","1.41","Y",NA
"HGMG_0242","HGMS_0024","Indoleacrylic acid","OC(=O)\C=C\C1=CNC2=C1C=CC=C2","HMDB0000734",5375048,"C11H9NO2",187.06333,"4.84","1.21","Y",NA
"HGMG_0243","HGMS_0024","Corticosterone","[H][C@@]1(CC[C@@]2([H])[C@]3([H])CCC4=CC(=O)CC[C@]4(C)[C@@]3([H])[C@@]([H])(O)C[C@]12C)C(=O)CO","HMDB0001547",5753,"C21H30O4",346.21441,"5.71","0.57999999999999996","Y",NA
"HGMG_0244","HGMS_0024","Taurodeoxycholic acid","[H][C@@]1(CC[C@@]2([H])[C@]3([H])CC[C@]4([H])C[C@H](O)CC[C@]4(C)[C@@]3([H])C[C@H](O)[C@]12C)[C@H](C)CCC(=O)NCCS(O)(=O)=O","HMDB0000896",2733768,"C26H45NO6S",499.29676,"5.71","0.61","Y",NA
"HGMG_0245","HGMS_0024","Warfarin","CC(=O)CC(C1=CC=CC=C1)C1=C(O)C2=C(OC1=O)C=CC=C2","HMDB0001935",54678486,"C19H16O4",308.10486,"6.88","0.54","Y",NA
"HGMG_0246","HGMS_0024","2-Pyrocatechuic acid","OC(=O)C1=C(O)C(O)=CC=C1","HMDB0000397",19,"C7H6O4",154.02661,"NA","NA","N",NA
"HGMG_0247","HGMS_0024","Elaidic acid","CCCCCCCC\C=C\CCCCCCCC(O)=O","HMDB0000573",637517,"C18H34O2",282.25588,"NA","NA","N",NA
"HGMG_0248","HGMS_0024","Ergosterol","[H][C@@]1(CC[C@@]2([H])C3=CC=C4C[C@@H](O)CC[C@]4(C)[C@@]3([H])CC[C@]12C)[C@H](C)\C=C\[C@H](C)C(C)C","HMDB0000878",444679,"C28H44O",396.33922,"NA","NA","N",NA
"HGMG_0249","HGMS_0024","Ibuprofen","CC(C)CC1=CC=C(C=C1)C(C)C(O)=O","HMDB0001925",3672,"C13H18O2",206.13068,"NA","NA","N",NA
"HGMG_0250","HGMS_0024","METHYLGUANIDINE","CNC(N)=N","HMDB0001522",10111,"C2H7N3",73.064,"NA","6.35","Y",NA
"HGMG_0251","HGMS_0024","N-ACETYL-L-ASPARTIC ACID","CC(=O)N[C@@H](CC(O)=O)C(O)=O","HMDB0000812",65065,"C6H9NO5",175.04807,"NA","NA","N",NA
"HGMG_0252","HGMS_0025","Maltotriose","OC[C@H]1O[C@H](O[C@H]2[C@H](O)[C@@H](O)[C@@H](O[C@H]3[C@H](O)[C@@H](O)C(O)O[C@@H]3CO)O[C@@H]2CO)[C@H](O)[C@@H](O)[C@@H]1O","HMDB0001262",439586,"C18H32O16",504.16903,"0.84","5.91","Y",NA
"HGMG_0253","HGMS_0025","D-Aspartic acid","N[C@H](CC(O)=O)C(O)=O","HMDB0006483",83887,"C4H7NO4",133.03751,"0.89","5.19","Y",NA
"HGMG_0254","HGMS_0025","4-Guanidinobutanoic acid","NC(=N)NCCCC(O)=O","HMDB0003464",500,"C5H11N3O2",145.08513,"0.94","4.59","Y",NA
"HGMG_0255","HGMS_0025","3-Methylxanthine","CN1C2=C(NC=N2)C(=O)NC1=O","HMDB0001886",70639,"C6H6N4O2",166.04908,"1.02","1.26","Y",NA
"HGMG_0256","HGMS_0025","N-Acetylphenylalanine","CC(=O)N[C@@H](CC1=CC=CC=C1)C(O)=O","HMDB0000512",2000,"C11H13NO3",207.08954,"3.69","0.91","Y",NA
"HGMG_0257","HGMS_0025","Azelaic acid","OC(=O)CCCCCCCC(O)=O","HMDB0000784",2266,"C9H16O4",188.10486,"4.07","2.99","Y",NA
"HGMG_0258","HGMS_0025","Indoleacetic acid","OC(=O)CC1=CNC2=C1C=CC=C2","HMDB0000197",802,"C10H9NO2",175.06333,"4.43","1.53","Y",NA
"HGMG_0259","HGMS_0025","3,4,5-Trimethoxycinnamic acid","COC1=CC(\C=C\C(O)=O)=CC(OC)=C1OC","HMDB0002511",735755,"C12H14O5",238.08412,"4.93","0.71","Y",NA
"HGMG_0260","HGMS_0025","16-Dehydroprogesterone","[H][C@@]12CC=C(C(C)=O)[C@@]1(C)CC[C@@]1([H])[C@@]2([H])CCC2=CC(=O)CC[C@]12C","HMDB0000995",101964,"C21H28O2",312.20893,"7.62","0.55000000000000004","Y",NA
"HGMG_0261","HGMS_0025","Ergocalciferol","[H][C@@]1(CC[C@@]2([H])\C(CCC[C@]12C)=C\C=C1\C[C@@H](O)CCC1=C)[C@H](C)\C=C\[C@H](C)C(C)C","HMDB0000900",5280793,"C28H44O",396.33922,"11.15","0.5","Y",NA
"HGMG_0262","HGMS_0025","1,2-Propanediol","C[C@@H](O)CO","HMDB0001881",1030,"C3H8O2",76.05243,"NA","0.93","Y",NA
"HGMG_0263","HGMS_0025","2,6-Dihydroxybenzoic acid","OC(=O)C1=C(O)C=CC=C1O","HMDB0013676",9338,"C7H6O4",154.02661,"NA","NA","N",NA
"HGMG_0264","HGMS_0025","CREATINE","CN(CC(O)=O)C(N)=N","HMDB0000064",586,"C4H9N3O2",131.06948,"NA","4.13","Y",NA
"HGMG_0265","HGMS_0025","Oleic acid","CCCCCCCC\C=C/CCCCCCCC(O)=O","HMDB0000207",445639,"C18H34O2",282.25588,"NA","NA","N",NA
"HGMG_0266","HGMS_0025","TRICOSANOIC ACID","CCCCCCCCCCCCCCCCCCCCCCC(O)=O","HMDB0001160",17085,"C23H46O2",354.34978,"NA","NA","N",NA
"HGMG_0267","HGMS_0026","Ureidosuccinic acid","NC(=O)N[C@@H](CC(O)=O)C(O)=O","HMDB0000828",279,"C5H8N2O5",176.04332,"0.93","4.97","Y",NA
"HGMG_0268","HGMS_0026","Glycyl-leucine","CC(C)C[C@H](NC(=O)CN)C(O)=O","HMDB0000759",92843,"C8H16N2O3",188.11609,"1.02","1.86","Y",NA
"HGMG_0269","HGMS_0026","2-Phenylaminoadenosine","NC1=C2N=CN(C3OC(CO)C(O)C3O)C2=NC(NC2=CC=CC=C2)=N1","HMDB0001069",6917803,"C16H18N6O4",358.13895,"3.15","0.73","Y",NA
"HGMG_0270","HGMS_0026","Coumarin","O=C1OC2=CC=CC=C2C=C1","HMDB0001218",323,"C9H6O2",146.03678,"4.71","0.57999999999999996","Y",NA
"HGMG_0271","HGMS_0026","Indoxyl","OC1=CNC2=CC=CC=C12","HMDB0004094",50591,"C8H7NO",133.05276,"5.71","NA","N",NA
"HGMG_0272","HGMS_0026","3-Oxocholic acid","[H][C@@]1(CC[C@@]2([H])[C@]3([H])[C@H](O)C[C@]4([H])CC(=O)CC[C@]4(C)[C@@]3([H])C[C@H](O)[C@]12C)[C@H](C)CCC(O)=O","HMDB0000502",5283956,"C24H38O5",406.27192,"6.28","0.7","Y",NA
"HGMG_0273","HGMS_0026","Vaccenic acid","CCCCCC\C=C\CCCCCCCCCC(O)=O","HMDB0003231",5281127,"C18H34O2",282.25588,"9.94","NA","N",NA
"HGMG_0274","HGMS_0026","(R)-2-Benzylsuccinate","OC(=O)C[C@H](CC1=CC=CC=C1)C(O)=O","HMDB0012127",6944015,"C11H12O4",208.07356,"NA","2.54","Y",NA
"HGMG_0275","HGMS_0026","Arachidic acid","CCCCCCCCCCCCCCCCCCCC(O)=O","HMDB0002212",10467,"C20H40O2",312.30283,"NA","NA","N",NA
"HGMG_0276","HGMS_0026","CYSTEAMINE","NCCS","HMDB0002991",6058,"C2H7NS",77.02992,"NA","5.97","Y",NA
"HGMG_0277","HGMS_0026","D-Phenyllactic acid","[H][C@](O)(CC1=CC=CC=C1)C(O)=O","HMDB0000563",444718,"C9H10O3",NA,"NA","0.53","Y",NA
"HGMG_0278","HGMS_0026","Gamma-Caprolactone","CCC1CCC(=O)O1","HMDB0003843",12756,"C6H10O2",114.06808,"NA","1.87","Y",NA
"HGMG_0279","HGMS_0026","Geraniol","CC(C)=CCC\C(C)=C/CO","HMDB0005812",637566,"C10H18O",154.13577,"NA","0.54","Y",NA
"HGMG_0280","HGMS_0026","Inosine triphosphate","O[C@@H]1[C@@H](COP(O)(=O)OP(O)(=O)OP(O)(O)=O)O[C@H]([C@@H]1O)N1C=NC2=C1N=CN=C2O","HMDB0000189",1.35e+08,"C10H15N4O14P3",507.97977,"NA","NA","N",NA
"HGMG_0281","HGMS_0026","Pentadecanoic acid","CCCCCCCCCCCCCCC(O)=O","HMDB0000826",13849,"C15H30O2",242.22458,"NA","NA","N",NA
"HGMG_0282","HGMS_0027","Allantoic acid","NC(=O)NC(NC(N)=O)C(O)=O","HMDB0001209",203,"C4H8N4O4",176.05455,"0.88","4.01","Y",NA
"HGMG_0283","HGMS_0027","N6-Acetyllysine","CC(=O)NCCCC[C@H](N)C(O)=O","HMDB0000206",92832,"C8H16N2O3",188.11609,"0.98","3.58","Y",NA
"HGMG_0284","HGMS_0027","Cortisone","[H][C@@]12CC[C@](O)(C(=O)CO)[C@@]1(C)CC(=O)[C@@]1([H])[C@@]2([H])CCC2=CC(=O)CC[C@]12C","HMDB0002802",222786,"C21H28O5",360.19367,"5.07","0.59","Y",NA
"HGMG_0285","HGMS_0027","Chalcone","O=C(\C=C\C1=CC=CC=C1)C1=CC=CC=C1","HMDB0003066",637760,"C15H12O",208.08882,"7.79","0.54","Y",NA
"HGMG_0286","HGMS_0027","Retinal","C\C(\C=C\C=C(/C)\C=C\C1=C(C)CCCC1(C)C)=C/C=O","HMDB0001358",638015,"C20H28O",284.21402,"9.8800000000000008","0.52","Y",NA
"HGMG_0287","HGMS_0027","Allocholic acid","[H][C@@]1(CC[C@@]2([H])[C@]3([H])[C@H](O)C[C@@]4([H])C[C@H](O)CC[C@]4(C)[C@@]3([H])C[C@H](O)[C@]12C)[C@H](C)CCC(O)=O","HMDB0000505",160636,"C24H40O5",408.28757,"10.68","0.97","Y",NA
"HGMG_0288","HGMS_0027","4-heptanone","CCCC(=O)CCC","HMDB0004814",31246,"C7H14O",114.10447,"NA","0.52","Y",NA
"HGMG_0289","HGMS_0027","Decanal","CCCCCCCCCC=O","HMDB0011623",8175,"C10H20O",156.15142,"NA","1.04","Y",NA
"HGMG_0290","HGMS_0027","Deuteroprophyrin IX dimethyl ester","CC1=C/C2=C/C3=N/C(=C\C4=C(CCC(O)=O)C(C)=C(N4)/C=C4\N=C(C=C4C)\C=C\1/N\2)/C(CCC(O)=O)=C3C","HMDB0000579",67973,"C30H30N4O4",510.22671,"NA","NA","N",NA
"HGMG_0291","HGMS_0027","HEXADECANOL","CCCCCCCCCCCCCCCCO","HMDB0003424",2682,"C16H34O",242.26097,"NA","NA","N",NA
"HGMG_0292","HGMS_0027","Phenyllactic acid","OC(CC1=CC=CC=C1)C(O)=O","HMDB0000779",1303,"C9H10O3",166.06299,"NA","0.53","Y",NA
"HGMG_0293","HGMS_0027","Phenylpropiolic acid","OC(=O)C#CC1=CC=CC=C1","HMDB0002359",69475,"C9H6O2",146.03678,"NA","NA","N",NA
"HGMG_0294","HGMS_0027","Phytanic acid","CC(C)CCCC(C)CCCC(C)CCCC(C)CC(O)=O","HMDB0000801",26840,"C20H40O2",312.30283,"NA","NA","N",NA
"HGMG_0295","HGMS_0027","Pyridine","C1=CC=NC=C1","HMDB0000926",1049,"C5H5N",79.0422,"NA","0.72","Y",NA
"HGMG_0296","HGMS_0028","Hypoxanthine","OC1=NC=NC2=C1NC=N2","HMDB0000157",1.35e+08,"C5H4N4O",136.03851,"1.02","1.81","Y",NA
"HGMG_0297","HGMS_0028","Serotonin","NCCC1=CNC2=C1C=C(O)C=C2","HMDB0000259",5202,"C10H12N2O",NA,"1.02","3.69","Y",NA
"HGMG_0298","HGMS_0028","Ranitidine","CN\C(NCCSCC1=CC=C(CN(C)C)O1)=C/[N+]([O-])=O","HMDB0001930",3001055,"C13H22N4O3S",314.14126,"1.04","0.88","Y",NA
"HGMG_0299","HGMS_0028","Kynurenic acid","OC(=O)C1=CC(=O)C2=CC=CC=C2N1","HMDB0000715",3845,"C10H7NO3",189.04259,"2.4700000000000002","1.01","Y",NA
"HGMG_0300","HGMS_0028","Cortisol","[H][C@@]12CC[C@](O)(C(=O)CO)[C@@]1(C)C[C@H](O)[C@@]1([H])[C@@]2([H])CCC2=CC(=O)CC[C@]12C","HMDB0000063",5754,"C21H30O5",362.20932,"4.9400000000000004","NA","N",NA
"HGMG_0301","HGMS_0028","Cholic acid","C[C@H](CCC(O)=O)[C@H]1CC[C@H]2[C@@H]3[C@H](O)C[C@@H]4C[C@H](O)CC[C@]4(C)[C@H]3C[C@H](O)[C@]12C","HMDB0000619",221493,"C24H40O5",408.28758,"6.26","0.94","Y",NA
"HGMG_0302","HGMS_0028","3-(3-Hydroxyphenyl)propanoic acid","OC(=O)CCC1=CC(O)=CC=C1","HMDB0000375",91,"C9H10O3",166.06299,"7.67","0.53","Y",NA
"HGMG_0303","HGMS_0028","3-METHYLBUTANAL","CC(C)CC=O","HMDB0006478",11552,"C5H10O",86.07317,"NA","0.56999999999999995","Y",NA
"HGMG_0304","HGMS_0028","Adipic acid","OC(=O)CCCCC(O)=O","HMDB0000448",196,"C6H10O4",146.05791,"NA","NA","N",NA
"HGMG_0305","HGMS_0028","alpha-Ketoisovaleric acid","CC(C)C(=O)C(O)=O","HMDB0000019",49,"C5H8O3",116.04734,"NA","NA","N",NA
"HGMG_0306","HGMS_0028","BETA-CAROTENE","C\C(\C=C\C=C(/C)\C=C\C1=C(C)CCCC1(C)C)=C/C=C/C=C(\C)/C=C/C=C(\C)/C=C/C1=C(C)CCCC1(C)C","HMDB0000561",5280489,"C40H56",536.4382,"NA","NA","N",NA
"HGMG_0307","HGMS_0028","Galactaric acid","O[C@@H]([C@@H](O)[C@H](O)C(O)=O)[C@@H](O)C(O)=O","HMDB0000639",3037582,"C6H10O8",210.03757,"NA","4.01","Y",NA
"HGMG_0308","HGMS_0028","Guaiacol Glyceryl Ether","CC1=C(O)C=C2CCC(C)(CCC(O)=O)OC2=C1C","HMDB0001931",3516,"C15H20O3",248.14124,"NA","0.56000000000000005","Y",NA
"HGMG_0309","HGMS_0028","Levomenthol","CC(C)[C@@H]1CC[C@@H](C)C[C@H]1O","HMDB0003352",16666,"C10H20O",156.15142,"NA","NA","N",NA
"HGMG_0310","HGMS_0028","Stearic acid","CCCCCCCCCCCCCCCCCC(O)=O","HMDB0000827",5281,"C18H36O2",NA,"NA","NA","N",NA
"HGMG_0311","HGMS_0029","Androstenedione","[H][C@@]12CCC(=O)[C@@]1(C)CC[C@@]1([H])[C@@]2([H])CCC2=CC(=O)CC[C@]12C","HMDB0000053",6128,"C19H26O2",286.19328,"NA","0.55000000000000004","Y",NA
"HGMG_0312","HGMS_0029","1,3,7-Trimethyluric acid","CN1C(=O)NC2=C1C(=O)N(C)C(=O)N2C","HMDB0002123",79437,"C8H10N4O3",210.07529,"NA","NA","N",NA
"HGMG_0313","HGMS_0029","2'-DEOXYADENOSINE","NC1=C2N=CN([C@H]3C[C@H](O)[C@@H](CO)O3)C2=NC=N1","HMDB0000101",13730,"C10H13N5O3",251.1018,"NA","NA","N",NA
"HGMG_0314","HGMS_0029","2-Methylhippuric acid","CC1=C(C=CC=C1)C(=O)NCC(O)=O","HMDB0011723",91637,"C10H11NO3",193.07389,"NA","NA","N",NA
"HGMG_0315","HGMS_0029","2-METHYLPROPANOATE","CC(C)C(O)=O","HMDB0001873",165337,"C4H8O2",88.05243,"NA","4.1900000000000004","Y",NA
"HGMG_0316","HGMS_0029","3-METHYGLUTARIC ACID","CC(CC(O)=O)CC(O)=O","HMDB0000752",12284,"C6H10O4",146.05791,"NA","NA","N",NA
"HGMG_0317","HGMS_0029","Desaminotyrosine","OC(=O)CCC1=CC=C(O)C=C1","HMDB0002199",10394,"C9H10O3",166.06299,"NA","0.54","Y",NA
"HGMG_0318","HGMS_0029","FORMYL-L-METHIONYL PEPTIDE","CSCC[C@H](NC=O)C(O)=O","HMDB0001015",439750,"C6H11NO3S",177.04597,"NA","NA","N",NA
"HGMG_0319","HGMS_0029","Isocaproic acid","CC(C)CCC(O)=O","HMDB0000689",12587,"C6H12O2",116.08373,"NA","2.7","Y",NA
"HGMG_0320","HGMS_0029","Naringin","C[C@@H]1O[C@@H](O[C@@H]2[C@@H](O)[C@H](O)[C@@H](CO)O[C@H]2OC2=CC(O)=C3C(=O)C[C@H](OC3=C2)C2=CC=C(O)C=C2)[C@H](O)[C@H](O)[C@H]1O","HMDB0002927",442428,"C27H32O14",580.17921,"NA","NA","N",NA
"HGMG_0321","HGMS_0029","NERVONIC ACID","CCCCCCCC\C=C/CCCCCCCCCCCCCC(O)=O","HMDB0002368",5281120,"C24H46O2",366.34978,"NA","NA","N",NA
"HGMG_0322","HGMS_0029","N-Methylnicotinamide","CNC(=O)C1=CN=CC=C1","HMDB0003152",64950,"C7H8N2O",136.06366,"NA","NA","N",NA
"HGMG_0323","HGMS_0029","Progesterone","[H][C@@]12CC[C@H](C(C)=O)[C@@]1(C)CC[C@@]1([H])[C@@]2([H])CCC2=CC(=O)CC[C@]12C","HMDB0001830",5994,"C21H30O2",314.22458,"NA","0.54","Y",NA
"HGMG_0324","HGMS_0029","SQUALENE","CC(C)=CCC\C(C)=C\CC\C(C)=C\CC\C=C(/C)CC\C=C(/C)CCC=C(C)C","HMDB0000256",638072,"C30H50",410.39125,"NA","NA","N",NA
"HGMG_0325","HGMS_0029","Succinylacetone","CC(=O)CC(=O)CCC(O)=O","HMDB0000635",5312,"C7H10O4",158.05791,"NA","NA","N",NA
"HGMG_0326","HGMS_0030","D-Lysine","NCCCC[C@@H](N)C(O)=O","HMDB0003405",57449,"C6H14N2O2",146.10553,"0.81","14.49","Y",NA
"HGMG_0327","HGMS_0030","Deoxyinosine","OC[C@H]1O[C@H](C[C@@H]1O)N1C=NC2=C1N=CNC2=O","HMDB0000071",1.35e+08,"C10H12N4O4",252.08585,"1.03","1.66","Y",NA
"HGMG_0328","HGMS_0030","Indole","N1C=CC2=C1C=CC=C2","HMDB0000738",798,"C8H7N",117.0578492,"5.81","0.56000000000000005","Y",NA
"HGMG_0329","HGMS_0030","Hematoporphyrin IX","CC(O)C1=C2NC(\C=C3/N\C(=C/C4=N/C(=C\C5=N\C(=C/2)\C(C)=C5C(C)O)/C(C)=C4CCC(O)=O)C(CCC(O)=O)=C3C)=C1C","HMDB0000668",11103,"C34H38N4O6",598.27913,"6.15","1.1399999999999999","Y",NA
"HGMG_0330","HGMS_0030","Hexadecanedioic acid","OC(=O)CCCCCCCCCCCCCCC(O)=O","HMDB0000672",10459,"C16H30O4",286.21441,"7.37","NA","N",NA
"HGMG_0331","HGMS_0030","4-Hydroxyphenyl-2-propionic acid","CC(C(O)=O)C1=CC=C(O)C=C1","HMDB0041683",102526,"C9H10O3",166.06299,"7.67","0.53","Y",NA
"HGMG_0332","HGMS_0030","Octadecanedioic acid","OC(=O)CCCCCCCCCCCCCCCCC(O)=O","HMDB0000782",70095,"C18H34O4",314.24571,"8.08","0.55000000000000004","Y",NA
"HGMG_0333","HGMS_0030","(+)-Limonene","CC(=C)[C@H]1CCC(C)=CC1","HMDB0004321",440917,"C10H16",136.1252,"NA","0.55000000000000004","Y",NA
"HGMG_0334","HGMS_0030","5-Phenylvaleric acid","OC(=O)CCCCC1=CC=CC=C1","HMDB0002043",16757,"C11H14O2",178.09938,"NA","NA","N",NA
"HGMG_0335","HGMS_0030","D-Alanine","C[C@@H](N)C(O)=O","HMDB0001310",71080,"C3H7NO2",89.04768,"NA","4.13","Y",NA
"HGMG_0336","HGMS_0030","Diltiazem","COC1=CC=C(C=C1)[C@@H]1SC2=CC=CC=C2N(CCN(C)C)C(=O)[C@@H]1O","HMDB0002873",39186,"C20H24N2O3S",372.15076,"NA","0.59","Y",NA
"HGMG_0337","HGMS_0030","D-LYXOSE","O[C@@H]1O[C@@H]([C@H](O)[C@H](O)[C@H]1O)C(O)=O","HMDB0003402",439240,"C6H10O7",194.04265,"NA","NA","N",NA
"HGMG_0338","HGMS_0030","Pelargonic acid","CCCCCCCCC(O)=O","HMDB0000847",8158,"C9H18O2",158.13068,"NA","NA","N",NA
"HGMG_0339","HGMS_0030","PHOSPHOCREATINE","CN(CC(O)=O)C(=N)NP(O)(O)=O","HMDB0001511",9548602,"C4H10N3O5P",211.03581,"NA","NA","N",NA
"HGMG_0340","HGMS_0030","Stigmasterol","[H][C@@]1(CC[C@@]2([H])[C@]3([H])CC=C4C[C@@H](O)CC[C@]4(C)[C@@]3([H])CC[C@]12C)[C@H](C)\C=C\[C@@H](CC)C(C)C","HMDB0000937",5280794,"C29H48O",412.37052,"NA","0.51","Y",NA
"HGMG_0341","HGMS_0031","D-Glutamic acid","N[C@H](CCC(O)=O)C(O)=O","HMDB0003339",23327,"C5H9NO4",147.05316,"0.86","4.41","Y",NA
"HGMG_0342","HGMS_0031","3-Methoxytyrosine","COC1=C(O)C=CC(CC(N)C(O)=O)=C1","HMDB0001434",1670,"C10H13NO4",211.0845,"1.02","2.82","Y",NA
"HGMG_0343","HGMS_0031","Hippuric acid","OC(=O)CNC(=O)C1=CC=CC=C1","HMDB0000714",464,"C9H9NO3",179.05824,"2.92","1.04","Y",NA
"HGMG_0344","HGMS_0031","Rutin","C[C@@H]1O[C@@H](OC[C@H]2O[C@@H](OC3=C(OC4=CC(O)=CC(O)=C4C3=O)C3=CC(O)=C(O)C=C3)[C@H](O)[C@@H](O)[C@@H]2O)[C@H](O)[C@H](O)[C@H]1O","HMDB0003249",5280805,"C27H30O16",610.15338,"3.47","5.18","Y",NA
"HGMG_0345","HGMS_0031","Ferulic acid","COC1=C(O)C=CC(\C=C\C(O)=O)=C1","HMDB0000954",445858,"C10H10O4",194.05791,"3.76","2.82","Y",NA
"HGMG_0346","HGMS_0031","Diphenhydramine Hydrochloride","CN(C)CCOC(C1=CC=CC=C1)C1=CC=CC=C1","HMDB0001927",8980,"C17H21NO",255.16231,"5.17","0.63","Y",NA
"HGMG_0347","HGMS_0031","Pregnenolone","[H][C@@]12CC[C@H](C(C)=O)[C@@]1(C)CC[C@@]1([H])[C@@]2([H])CC=C2C[C@@H](O)CC[C@]12C","HMDB0000253",8955,"C21H32O2",316.24023,"7.4","0.53","Y",NA
"HGMG_0348","HGMS_0031","3beta-Hydroxy-5-cholenoic acid","[H][C@@]12CC[C@H]([C@H](C)CCC(O)=O)[C@@]1(C)CC[C@@]1([H])[C@@]2([H])CC=C2C[C@@H](O)CC[C@]12C","HMDB0000308",92997,"C24H38O3",374.2821,"7.5","0.57999999999999996","Y",NA
"HGMG_0349","HGMS_0031","3-Mercaptopyruvic acid","OC(=O)C(=O)CS","HMDB0001368",98,"C3H4O3S",119.98812,"NA","NA","N",NA
"HGMG_0350","HGMS_0031","3-Methoxyphenylacetate","COC1=CC=CC(CC(O)=O)=C1","HMDB0059969",15719,"C9H10O3",166.06299,"NA","0.53","Y",NA
"HGMG_0351","HGMS_0031","Decyl alcohol","CCCCCCCCCCO","HMDB0011624",8174,"C10H22O",158.16707,"NA","1.24","Y",NA
"HGMG_0352","HGMS_0031","Dihydroxyacetone","OCC(=O)CO","HMDB0001882",670,"C3H6O3",90.03169,"NA","0.51","Y",NA
"HGMG_0353","HGMS_0031","Nimbosterol","[H][C@@]1(CC[C@@]2([H])[C@]3([H])CC=C4C[C@@H](O)CC[C@]4(C)[C@@]3([H])CC[C@]12C)[C@H](C)CC[C@@H](CC)C(C)C","HMDB0000852",222284,"C29H50O",414.38617,"NA","NA","N",NA
"HGMG_0354","HGMS_0031","RETINOL","C\C(=C/CO)\C=C\C=C(/C)\C=C\C1=C(C)CCCC1(C)C","HMDB0000305",445354,"C20H30O",286.22967,"NA","0.52","Y",NA
"HGMG_0355","HGMS_0031","y-Terpinene","CC(C)C1=CCC(C)=CC1","HMDB0005806",7461,"C10H16",136.1252,"NA","0.56000000000000005","Y",NA
"HGMG_0356","HGMS_0032","Ribothymidine","CC1=CN([C@@H]2O[C@H](CO)[C@@H](O)[C@H]2O)C(=O)NC1=O","HMDB0000884",445408,"C10H14N2O6",258.08519,"1.02","1.21","Y",NA
"HGMG_0357","HGMS_0032","2-Methylbutyrylglycine","CCC(C)C(=O)NCC(O)=O","HMDB0000339",193872,"C7H13NO3",159.08954,"2.35","1","Y",NA
"HGMG_0358","HGMS_0032","Methyl Nicotinate","COC(=O)C1=CN=CC=C1","HMDB0029806",7151,"C7H7NO2",137.04768,"2.57","0.62","Y",NA
"HGMG_0359","HGMS_0032","Caffeic acid","OC(=O)\C=C\C1=CC(O)=C(O)C=C1","HMDB0001964",689043,"C9H8O4",180.04226,"2.9","NA","N",NA
"HGMG_0360","HGMS_0032","Indole-3-carbinol","OCC1=CNC2=C1C=CC=C2","HMDB0005785",3712,"C9H9NO",147.06841,"3.73","0.57999999999999996","Y",NA
"HGMG_0361","HGMS_0032","Isoferulic acid","COC1=C(O)C=C(\C=C\C(O)=O)C=C1","HMDB0000955",736186,"C10H10O4",194.05791,"3.86","1.1499999999999999","Y",NA
"HGMG_0362","HGMS_0032","Hesperidin","COC1=CC=C(C=C1O)[C@@H]1CC(=O)C2=C(O1)C=C(OC1O[C@H](CO[C@H]3O[C@@H](C)[C@@H](O)[C@@H](O)[C@H]3O)[C@H](O)[C@H](O)[C@H]1O)C=C2O","HMDB0003265",10621,"C28H34O15",610.18977,"4.21","0.91","Y",NA
"HGMG_0363","HGMS_0032","Estriol","[H][C@@]12C[C@@H](O)[C@H](O)[C@@]1(C)CC[C@]1([H])C3=C(CC[C@@]21[H])C=C(O)C=C3","HMDB0000153",5756,"C18H24O3",288.17254,"4.51","0.63","Y",NA
"HGMG_0364","HGMS_0032","Brompheniramine","CN(C)CCC(C1=CC=C(Br)C=C1)C1=CC=CC=N1","HMDB0001941",6834,"C16H19BrN2",318.07316,"4.57","0.87","Y",NA
"HGMG_0365","HGMS_0032","3-Phenoxypropionic acid","OC(=O)CCOC1=CC=CC=C1","HMDB0002229",81596,"C9H10O3",166.06299,"4.9800000000000004","0.54","Y",NA
"HGMG_0366","HGMS_0032","Lithocholic acid","[H][C@@]1(CC[C@@]2([H])[C@]3([H])CC[C@]4([H])C[C@H](O)CC[C@]4(C)[C@@]3([H])CC[C@]12C)[C@H](C)CCC(O)=O","HMDB0000761",9903,"C24H40O3",376.29775,"8.24","NA","N",NA
"HGMG_0367","HGMS_0032","Glyceraldehyde","OCC(O)C=O","HMDB0001051",751,"C3H6O3",90.03169,"NA","1.99","Y",NA
"HGMG_0368","HGMS_0032","Indoxyl sulfate","OS(=O)(=O)OC1=CNC2=CC=CC=C12","HMDB0000682",10258,"C8H7NO4S",213.00958,"NA","NA","N",NA
"HGMG_0369","HGMS_0032","PHENYLACETALDEHYDE","O=CCC1=CC=CC=C1","HMDB0006236",998,"C8H8O",120.05752,"NA","0.53","Y",NA
"HGMG_0370","HGMS_0032","Tocopherol","CC(C)CCC[C@@H](C)CCC[C@@H](C)CCC[C@]1(C)CCC2=CC(O)=C(C)C(C)=C2O1","HMDB0001492",14985,"C28H48O2",416.36543,"NA","0.54","Y",NA
"HGMG_0371","HGMS_0033","Oxidized glutathione","N[C@@H](CCC(=O)N[C@@H](CSSC[C@H](NC(=O)CC[C@H](N)C(O)=O)C(=O)NCC(O)=O)C(=O)NCC(O)=O)C(O)=O","HMDB0003337",65359,"C20H32N6O12S2",612.15196,"0.99","6.94","Y",NA
"HGMG_0372","HGMS_0033","Nicotinuric acid","OC(=O)CNC(=O)C1=CN=CC=C1","HMDB0003269",68499,"C8H8N2O3",180.05349,"1.03","1.65","Y",NA
"HGMG_0373","HGMS_0033","meta-Aminobenzoic acid","NC1=CC=CC(=C1)C(O)=O","HMDB0001891",7419,"C7H7NO2",137.04768,"1.41","1.84","Y",NA
"HGMG_0374","HGMS_0033","4-Aminohippuric acid","NC1=CC=C(C=C1)C(=O)NCC(O)=O","HMDB0001867",2148,"C9H10N2O3",194.06914,"1.79","1.85","Y",NA
"HGMG_0375","HGMS_0033","Isovalerylglycine","CC(C)CC(=O)NCC(O)=O","HMDB0000678",546304,"C7H13NO3",159.08954,"2.35","1","Y",NA
"HGMG_0376","HGMS_0033","Loratadine","CCOC(=O)N1CCC(CC1)=C1C2=C(CCC3=C1N=CC=C3)C=C(Cl)C=C2","HMDB0005000",3957,"C22H23ClN2O2",382.14481,"6.24","0.55000000000000004","Y",NA
"HGMG_0377","HGMS_0033","Tetradecanedioic acid","OC(=O)CCCCCCCCCCCCC(O)=O","HMDB0000872",13185,"C14H26O4",258.18311,"6.59","NA","N",NA
"HGMG_0378","HGMS_0033","5a-Androstane-3,17-dione","[H][C@@]12CCC(=O)[C@@]1(C)CC[C@@]1([H])[C@@]2([H])CC[C@@]2([H])CC(=O)CC[C@]12C","HMDB0000899",222865,"C19H28O2",288.20893,"7.3","NA","N",NA
"HGMG_0379","HGMS_0033","3-Phenyllactic acid","O[C@H](CC1=CC=CC=C1)C(O)=O","HMDB0000748",3848,"C9H10O3",166.06299,"7.67","0.53","Y",NA
"HGMG_0380","HGMS_0033","alpha-Tocopherol","CC(C)CCC[C@@H](C)CCC[C@@H](C)CCC[C@]1(C)CCC2=C(C)C(O)=C(C)C(C)=C2O1","HMDB0001893",14985,"C29H50O2",430.38108,"NA","0.51","Y",NA
"HGMG_0381","HGMS_0033","CITRAMALATE","CC(O)(CC(O)=O)C(O)=O","HMDB0000426",1081,"C5H8O5",148.11402,"NA","NA","N",NA
"HGMG_0382","HGMS_0033","Heneicosanoic acid","CCCCCCCCCCCCCCCCCCCCC(O)=O","HMDB0002345",16898,"C21H42O2",326.31848,"NA","NA","N",NA
"HGMG_0383","HGMS_0033","methyl disulfide","CSSC","HMDB0005879",12232,"C2H6S2",93.99109,"NA","NA","N",NA
"HGMG_0384","HGMS_0033","Tetradecanol","CCCCCCCCCCCCCCO","HMDB0011638",8209,"C14H30O",214.22967,"NA","NA","N",NA
"HGMG_0385","HGMS_0034","Trigonelline","C[N+]1=CC=CC(=C1)C([O-])=O","HMDB0000875",5570,"C7H9NO2",137.04768,"0.92","3","Y",NA
"HGMG_0386","HGMS_0034","Adenosine 2',3'-cyclic phosphate","NC1=NC=NC2=C1N=CN2C1OC(CO)C2OP(O)(=O)OC12","HMDB0011616",2024,"C10H12N5O6P",329.05252,"0.94","1.64","Y",NA
"HGMG_0387","HGMS_0034","3-Chlorotyrosine","NC(CC1=CC(Cl)=C(O)C=C1)C(O)=O","HMDB0001885",110992,"C9H10ClNO3",215.03492,"1.03","2.75","Y",NA
"HGMG_0388","HGMS_0034","N,N-Dimethylaniline","CN(C)C1=CC=CC=C1","HMDB0001020",949,"C8H11N",121.08915,"1.8","0.56999999999999995","Y",NA
"HGMG_0389","HGMS_0034","3,5-Diiodo-tyrosine","[H][C@](N)(CC1=CC(I)=C(O)C(I)=C1)C(O)=O","HMDB0003474",9305,"C9H9I2NO3",432.86718,"3.16","3.28","Y",NA
"HGMG_0390","HGMS_0034","Cinnamic acid","OC(=O)\C=C/C1=CC=CC=C1","HMDB0000567",444539,"C9H8O2",148.05243,"4.5599999999999996","0.53","Y",NA
"HGMG_0391","HGMS_0034","Propranolol","CC(C)NCC(O)COC1=CC=CC2=CC=CC=C12","HMDB0001849",4946,"C16H21NO2",259.15723,"4.8499999999999996","0.75","Y",NA
"HGMG_0392","HGMS_0034","Perillic acid","CC(=C)C1CCC(=CC1)C(O)=O","HMDB0004586",1256,"C10H14O2",166.09938,"6.23","0.57999999999999996","Y",NA
"HGMG_0393","HGMS_0034","Dehydroepiandrosterone","[H][C@@]12CCC(=O)[C@@]1(C)CC[C@@]1([H])[C@@]2([H])CC=C2C[C@@H](O)CC[C@]12C","HMDB0000077",5881,"C19H28O2",288.20893,"6.51","0.54","Y",NA
"HGMG_0394","HGMS_0034","3-Methyladipic acid","C[C@@H](CCC(O)=O)CC(O)=O","HMDB0000555",12292,"C7H12O4",160.07356,"NA","3.54","Y",NA
"HGMG_0395","HGMS_0034","Alpha-Hydroxyhippuric acid","OC(NC(=O)C1=CC=CC=C1)C(O)=O","HMDB0002404",450272,"C9H9NO4",195.05316,"NA","1.02","Y",NA
"HGMG_0396","HGMS_0034","CHOLESTERYL PALMITATE","[H][C@@]1(CC[C@@]2([H])[C@]3([H])CC=C4C[C@H](CC[C@]4(C)[C@@]3([H])CC[C@]12C)OC(=O)CCCCCCCCCCCCCCC)[C@H](C)CCCC(C)C","HMDB0000885",246520,"C43H76O2",624.58453,"NA","NA","N",NA
"HGMG_0397","HGMS_0034","Dimethyl sulfone","CS(C)(=O)=O","HMDB0004983",6213,"C2H6O2S",94.00885,"NA","NA","N",NA
"HGMG_0398","HGMS_0034","Pentacosanoic acid","CCCCCCCCCCCCCCCCCCCCCCCCC(O)=O","HMDB0002361",10468,"C25H50O2",382.38108,"NA","NA","N",NA
"HGMG_0399","HGMS_0034","Sorbose","OC[C@@]1(O)OC[C@H](O)[C@@H](O)[C@@H]1O","HMDB0001266",439192,"C6H12O6",180.06339,"NA","3.17","Y",NA
"HGMG_0400","HGMS_0035","Glucose 1-phosphate","OC[C@H]1O[C@H](OP(O)(O)=O)[C@H](O)[C@@H](O)[C@@H]1O","HMDB0001586",439165,"C6H13O9P",260.02972,"0.83","5.0599999999999996","Y",NA
"HGMG_0401","HGMS_0035","Phosphate","OP(O)(O)=O","HMDB0001429",1061,"H3O4P",94.95342,"0.85","NA","N",NA
"HGMG_0402","HGMS_0035","3-METHOXYTYRAMINE","COC1=C(O)C=CC(CCN)=C1","HMDB0000022",1669,"C9H13NO2",167.09464,"1.02","2.39","Y",NA
"HGMG_0403","HGMS_0035","4-Hydroxyhippuric acid","OC(=O)CNC(=O)C1=CC=C(O)C=C1","HMDB0013678",151012,"C9H9NO4",195.05316,"1.35","1.9","Y",NA
"HGMG_0404","HGMS_0035","Epicatechin","O[C@@H]1CC2=C(O)C=C(O)C=C2O[C@@H]1C1=CC(O)=C(O)C=C1","HMDB0001871",72276,"C15H14O6",290.07904,"3.08","1.82","Y",NA
"HGMG_0405","HGMS_0035","2-Aminobenzoic acid","NC1=CC=CC=C1C(O)=O","HMDB0001123",227,"C7H7NO2",137.04768,"3.51","3.84","Y",NA
"HGMG_0406","HGMS_0035","trans-Cinnamic acid","OC(=O)\C=C\C1=CC=CC=C1","HMDB0000930",444539,"C9H8O2",148.05243,"5.16","0.53","Y",NA
"HGMG_0407","HGMS_0035","Undecanedioic acid","OC(=O)CCCCCCCCCC(O)=O","HMDB0000888",15816,"C11H20O4",216.13616,"5.21","2.21","Y",NA
"HGMG_0408","HGMS_0035","Benzoic acid","OC(=O)C1=CC=CC=C1","HMDB0001870",243,"C7H6O2",122.03678,"NA","NA","N",NA
"HGMG_0409","HGMS_0035","CHOLESTA-5,7-DIEN-3BETA-OL","[H][C@@]1(CC[C@@]2([H])C3=CC=C4C[C@@H](O)CC[C@]4(C)[C@@]3([H])CC[C@]12C)[C@H](C)CCCC(C)C","HMDB0000032",439423,"C27H44O",384.33922,"NA","0.51","Y",NA
"HGMG_0410","HGMS_0035","Cholesteryl linolenic acid","CC\C=C/C\C=C/C\C=C/CCCCCCCC(=O)O[C@H]1CC[C@]2(C)C3CC[C@]4(C)C(CCC4C3CC=C2C1)[C@H](C)CCCC(C)C","HMDB0010370",1.32e+08,"C45H74O2",646.56888,"NA","NA","N",NA
"HGMG_0411","HGMS_0035","Diethyl malonate","CCOC(=O)CC(=O)OCC","HMDB0029573",7761,"C7H12O4",160.07356,"NA","0.56000000000000005","Y",NA
"HGMG_0412","HGMS_0035","Furosemide","NS(=O)(=O)C1=C(Cl)C=C(NCC2=CC=CO2)C(=C1)C(O)=O","HMDB0001933",3440,"C12H11ClN2O5S",NA,"NA","0.62","Y",NA
"HGMG_0413","HGMS_0035","myo-Inositol","O[C@H]1[C@H](O)[C@@H](O)[C@H](O)[C@H](O)[C@@H]1O","HMDB0000211",892,"C6H12O6",NA,"NA","4.9800000000000004","Y",NA
"HGMG_0414","HGMS_0035","TETRAHYDROFOLATE","NC1=NC(=O)C2=C(NC[C@H](CNC3=CC=C(C=C3)C(=O)NC(CCC(O)=O)C(O)=O)N2)N1","HMDB0001846",1.35e+08,"C19H23N7O6",445.17098,"NA","NA","N",NA
"HGMG_0415","HGMS_0036","Aspartyllysine","NCCCC[C@H](NC(=O)[C@@H](N)CC(O)=O)C(O)=O","HMDB0004987",6427003,"C10H19N3O5",261.13247,"0.8","6.17","Y",NA
"HGMG_0416","HGMS_0036","Beta-D-Glucose","OC[C@H]1O[C@@H](O)[C@H](O)[C@@H](O)[C@@H]1O","HMDB0000516",64689,"C6H12O6",180.06339,"0.85","NA","N",NA
"HGMG_0417","HGMS_0036","URATE","O=C1NC2=C(N1)C(=O)NC(=O)N2","HMDB0000289",1175,"C5H4N4O3",168.02834,"0.95","5.15","Y",NA
"HGMG_0418","HGMS_0036","3,7-Dimethyluric acid","CN1C(=O)NC2=C1C(=O)NC(=O)N2C","HMDB0001982",83126,"C7H8N4O3",196.05964,"1.02","NA","N",NA
"HGMG_0419","HGMS_0036","TRYPTAMINE","NCCC1=CNC2=C1C=CC=C2","HMDB0000303",1150,"C10H12N2",160.10005,"2.79","1.99","Y",NA
"HGMG_0420","HGMS_0036","Senecioic acid","CC(C)=CC(O)=O","HMDB0000509",10931,"C5H8O2",100.05243,"3.21","NA","N",NA
"HGMG_0421","HGMS_0036","4-Hydroxybenzaldehyde","OC1=CC=C(C=O)C=C1","HMDB0011718",126,"C7H6O2",122.03678,"3.24","0.59","Y",NA
"HGMG_0422","HGMS_0036","12-Hydroxydodecanoic acid","OCCCCCCCCCCCC(O)=O","HMDB0002059",79034,"C12H24O3",216.17255,"5.82","0.55000000000000004","Y",NA
"HGMG_0423","HGMS_0036","11alpha-Hydroxyprogesterone","[H][C@@]12CCC(C(C)=O)[C@@]1(C)C[C@@H](O)[C@@]1([H])[C@@]2([H])CCC2=CC(=O)CC[C@]12C","HMDB0000920",92730,"C21H30O3",330.21949,"6.04","0.56000000000000005","Y",NA
"HGMG_0424","HGMS_0036","Deoxycholic acid glycine conjugate","[H][C@]12CCC3C4CC[C@H]([C@H](C)CCC(=O)NCC(O)=O)[C@@]4(C)[C@@H](O)CC3[C@@]1(C)CC[C@@H](O)C2","HMDB0000631",3035026,"C26H43NO5",449.31412,"6.51","0.67","Y",NA
"HGMG_0425","HGMS_0036","3b-Androsterone","[H][C@@]12CCC(=O)[C@@]1(C)CC[C@@]1([H])[C@@]2([H])CCC2C[C@@H](O)CC[C@]12C","HMDB0000365",441302,"C19H30O2",290.22458,"6.7","0.55000000000000004","Y",NA
"HGMG_0426","HGMS_0036","3-Methylphenylacetic acid","CC1=CC(CC(O)=O)=CC=C1","HMDB0002222",12121,"C9H10O2",150.06808,"7.67","0.54","Y",NA
"HGMG_0427","HGMS_0036","Vitamin D3","[H][C@@]1(CC[C@@]2([H])\C(CCC[C@]12C)=C\C=C1\C[C@@H](O)CCC1=C)[C@H](C)CCCC(C)C","HMDB0000876",5280795,"C27H44O",384.33922,"11.14","0.5","Y",NA
"HGMG_0428","HGMS_0036","1-METHYLNICOTINAMIDE","C[N+]1=CC=CC(=C1)C(N)=O","HMDB0000699",457,"C7H9N2O",137.07094,"NA","NA","N",NA
"HGMG_0429","HGMS_0036","Cholesteryl linoleate","CCCCC\C=C/C\C=C/CCCCCCCC(=O)O[C@H]1CC[C@]2(C)C3CC[C@]4(C)C(CCC4C3CC=C2C1)[C@H](C)CCCC(C)C","HMDB0000610",5287939,"C45H76O2",648.58453,"NA","NA","N",NA
"HGMG_0430","HGMS_0037","scyllo-Inositol","O[C@H]1[C@H](O)[C@@H](O)[C@H](O)[C@@H](O)[C@@H]1O","HMDB0006088",892,"C6H12O6",180.06339,"0.85","4.32","Y",NA
"HGMG_0431","HGMS_0037","TYRAMINE","NCCC1=CC=C(O)C=C1","HMDB0000306",5610,"C8H11NO",137.08406,"1.02","2.66","Y",NA
"HGMG_0432","HGMS_0037","1,3-Dimethyluric acid","CN1C2=C(NC(=O)N2)C(=O)N(C)C1=O","HMDB0001857",70346,"C7H8N4O3",196.05964,"1.97","1.1299999999999999","Y",NA
"HGMG_0433","HGMS_0037","Vanillic acid","COC1=C(O)C=CC(=C1)C(O)=O","HMDB0000484",8468,"C8H8O4",168.04226,"2.92","NA","N",NA
"HGMG_0434","HGMS_0037","N-Acetylserotonin","CC(=O)NCCC1=CNC2=C1C=C(O)C=C2","HMDB0001238",903,"C12H14N2O2",218.10553,"2.94","0.74","Y",NA
"HGMG_0435","HGMS_0037","Phenylacetylglutamine","NC(=O)CC[C@H](NC(=O)CC1=CC=CC=C1)C(O)=O","HMDB0006344",92258,"C13H16N2O4",264.11101,"2.95","1.1000000000000001","Y",NA
"HGMG_0436","HGMS_0037","Indole-3-carboxylic acid","OC(=O)C1=CNC2=CC=CC=C12","HMDB0003320",69867,"C9H7NO2",161.04768,"4.08","1.66","Y",NA
"HGMG_0437","HGMS_0037","Verapramil","COC1=C(OC)C=C(CCN(C)CCCC(C#N)(C(C)C)C2=CC(OC)=C(OC)C=C2)C=C1","HMDB0001850",65808,"C27H38N2O4",454.28316,"5.84","0.54","Y",NA
"HGMG_0438","HGMS_0037","Deoxycorticosterone","[H][C@@]12CC[C@H](C(=O)CO)[C@@]1(C)CC[C@@]1([H])[C@@]2([H])CCC2=CC(=O)CC[C@]12C","HMDB0000016",6166,"C21H30O3",330.21949,"6.57","0.56999999999999995","Y",NA
"HGMG_0439","HGMS_0037","Androsterone","[H][C@@]12CCC(=O)[C@@]1(C)CC[C@@]1([H])[C@@]2([H])CC[C@@]2([H])C[C@H](O)CC[C@]12C","HMDB0000031",5879,"C19H30O2",290.22458,"7.09","NA","N",NA
"HGMG_0440","HGMS_0037","CHOLESTERYL OLEATE","CCCCCCCC\C=C/CCCCCCCC(=O)O[C@H]1CC[C@]2(C)C3CC[C@]4(C)C(CCC4C3CC=C2C1)[C@H](C)CCCC(C)C","HMDB0000918",5283632,"C45H78O2",650.60018,"NA","NA","N",NA
"HGMG_0441","HGMS_0037","Coprostanone","[H][C@@]1(CC[C@@]2([H])[C@]3([H])CC[C@@]4([H])CC(=O)CC[C@]4(C)[C@@]3([H])CC[C@]12C)[C@H](C)CCCC(C)C","HMDB0000871",92132,"C27H46O",386.35487,"NA","NA","N",NA
"HGMG_0442","HGMS_0037","Erythritol","OC[C@H](O)[C@H](O)CO","HMDB0002994",222285,"C4H10O4",122.05791,"NA","2.61","Y",NA
"HGMG_0443","HGMS_0037","Hydrocinnamic acid","OC(=O)CCC1=CC=CC=C1","HMDB0000764",107,"C9H10O2",150.06808,"NA","0.54","Y",NA
"HGMG_0444","HGMS_0037","Tiglic acid","C\C=C(/C)C(O)=O","HMDB0001470",125468,"C5H8O2",100.05243,"NA","NA","N",NA
"HGMG_0445","HGMS_0038","5-Hydroxy-tryptophan","N[C@@H](CC1=CNC2=C1C=C(O)C=C2)C(O)=O","HMDB0000472",439280,"C11H12N2O3",220.08479,"1.02","3.57","Y",NA
"HGMG_0446","HGMS_0038","Adenosine","NC1=C2N=CN([C@@H]3O[C@H](CO)[C@@H](O)[C@H]3O)C2=NC=N1","HMDB0000050",60961,"C10H13N5O4",267.09675,"1.02","1.33","Y",NA
"HGMG_0447","HGMS_0038","para-Hydroxymandelic acid","OC(C(O)=O)C1=CC=C(O)C=C1","HMDB0000822",328,"C8H8O4",168.04226,"1.03","1.9","Y",NA
"HGMG_0448","HGMS_0038","3-Methoxybenzenepropanoic acid","COC1=CC=CC(CCC(O)=O)=C1","HMDB0011751",66336,"C10H12O3",180.07864,"5.7","0.54","Y",NA
"HGMG_0449","HGMS_0038","Coproporphyrin I","CC1=C(CCC(O)=O)/C2=C/C3=N/C(=C\C4=C(C)C(CCC(O)=O)=C(N4)/C=C4\N=C(\C=C\1/N\2)C(CCC(O)=O)=C4C)/C(CCC(O)=O)=C3C","HMDB0000643",68271,"C36H38N4O8",654.26896,"5.95","6.03","Y",NA
"HGMG_0450","HGMS_0038","17-Hydroxyprogesterone","[H][C@@]12CC[C@](O)(C(C)=O)[C@@]1(C)CC[C@@]1([H])[C@@]2([H])CCC2=CC(=O)CC[C@]12C","HMDB0000374",6238,"C21H30O3",330.21949,"6.68","0.56000000000000005","Y",NA
"HGMG_0451","HGMS_0038","Androstanediol","[H][C@@]12CC[C@H](O)[C@@]1(C)CC[C@@]1([H])[C@@]2([H])CC[C@@]2([H])C[C@@H](O)CC[C@]12C","HMDB0000493",32801,"C19H32O2",292.24023,"7.67","0.56999999999999995","Y",NA
"HGMG_0452","HGMS_0038","Cholesterol","[H][C@@]1(CC[C@@]2([H])[C@]3([H])CC=C4C[C@@H](O)CC[C@]4(C)[C@@]3([H])CC[C@]12C)[C@H](C)CCCC(C)C","HMDB0000067",5997,"C27H46O",386.35487,"11.17","0.51","Y",NA
"HGMG_0453","HGMS_0038","Hexanal","CCCCCC=O","HMDB0005994",6184,"C6H12O",100.08882,"NA","0.54","Y",NA
"HGMG_0454","HGMS_0038","2-Indolecarboxylic acid","OC(=O)C1=CC2=C(N1)C=CC=C2","HMDB0002285",72899,"C9H7NO2",161.04768,"NA","1.32","Y",NA
"HGMG_0455","HGMS_0038","4-Ethylphenol","CCC1=CC=C(O)C=C1","HMDB0029306",31242,"C8H10O",122.07316,"NA","NA","N",NA
"HGMG_0456","HGMS_0038","4-Hydroxybenzoic acid","OC(=O)C1=CC=C(O)C=C1","HMDB0000500",135,"C7H6O3",138.0317,"NA","NA","N",NA
"HGMG_0457","HGMS_0038","Homoveratric acid","COC1=CC=C(CC(O)=O)C=C1OC","HMDB0000434",7139,"C10H12O4",196.07356,"NA","NA","N",NA
"HGMG_0458","HGMS_0038","Sulfolithocholic acid","[H][C@@]12CC[C@H]([C@H](C)CCC(O)=O)[C@@]1(C)CC[C@@]1([H])[C@@]2([H])CCC2C[C@@H](CC[C@]12C)OS(O)(=O)=O","HMDB0000907",451489,"C24H40O6S",456.25456,"NA","NA","N",NA
"HGMG_0459","HGMS_0038","Thymol","CC(C)C1=C(O)C=C(C)C=C1","HMDB0001878",6989,"C10H14O",150.10447,"NA","0.56000000000000005","Y",NA
"HGMG_0460","HGMS_0039","3-METHYLHISTAMINE","CN1C=NC=C1CCN","HMDB0001861",69520,"C6H11N3",125.0953,"0.78","5.25","Y",NA
"HGMG_0461","HGMS_0039","Dopa","N[C@@H](CC1=CC=C(O)C(O)=C1)C(O)=O","HMDB0000181",6047,"C9H11NO4",197.06881,"0.98","NA","N",NA
"HGMG_0462","HGMS_0039","9-Methyluric acid","CN1C(=O)NC2=C1NC(=O)NC2=O","HMDB0001973",108714,"C6H6N4O3",182.04399,"1.02","1.8","Y",NA
"HGMG_0463","HGMS_0039","Deoxyguanosine","NC1=NC2=C(N=CN2[C@H]2C[C@H](O)[C@@H](CO)O2)C(=O)N1","HMDB0000085",1.35e+08,"C10H13N5O4",267.09675,"1.02","2.17","Y",NA
"HGMG_0464","HGMS_0039","3,4-Dihydroxybenzaldehyde","OC1=CC=C(C=O)C=C1O","HMDB0059965",8768,"C7H6O3",138.03169,"2.6","NA","N",NA
"HGMG_0465","HGMS_0039","ortho-Hydroxyphenylacetic acid","OC(=O)CC1=C(O)C=CC=C1","HMDB0000669",11970,"C8H8O3",152.04734,"3.33","2.17","Y",NA
"HGMG_0466","HGMS_0039","Tryptophol","OCCC1=CNC2=C1C=CC=C2","HMDB0003447",10685,"C10H11NO",161.08406,"4.45","0.64","Y",NA
"HGMG_0467","HGMS_0039","Digoxin","[H][C@]12CC[C@]3([H])[C@]([H])(C[C@@H](O)[C@]4(C)[C@H](CC[C@]34O)C3=CC(=O)OC3)[C@@]1(C)CC[C@@H](C2)O[C@H]1C[C@H](O)[C@H](O[C@H]2C[C@H](O)[C@H](O[C@H]3C[C@H](O)[C@H](O)[C@@H](C)O3)[C@@H](C)O2)[C@@H](C)O1","HMDB0001917",2724385,"C41H64O14",780.42961,"5.2","0.6","Y",NA
"HGMG_0468","HGMS_0039","1,3,5-Trimethoxybenzene","COC1=CC(OC)=CC(OC)=C1","HMDB0059963",69301,"C9H12O3",168.07864,"6.18","0.55000000000000004","Y",NA
"HGMG_0469","HGMS_0039","17alpha-Ethynylestradiol","[H][C@@]12CC[C@@](O)(C#C)[C@@]1(C)CC[C@]1([H])C3=C(CC[C@@]21[H])C=C(O)C=C3","HMDB0001926",5991,"C20H24O2",296.17763,"6.51","0.55000000000000004","Y",NA
"HGMG_0470","HGMS_0039","Flavone","O=C1C=C(OC2=CC=CC=C12)C1=CC=CC=C1","HMDB0003075",10680,"C15H10O2",222.06808,"6.75","0.56000000000000005","Y",NA
"HGMG_0471","HGMS_0039","Oleanolic acid","[H][C@@]12CC(C)(C)CC[C@@]1(CC[C@]1(C)C2=CC[C@]2([H])[C@@]3(C)CC[C@H](O)C(C)(C)[C@]3([H])CC[C@@]12C)C(O)=O","HMDB0002364",10494,"C30H48O3",456.36035,"9.06","0.52","Y",NA
"HGMG_0472","HGMS_0039","Lathosterol","[H][C@@]1(CC[C@@]2([H])C3=CC[C@@]4([H])C[C@@H](O)CC[C@]4(C)[C@@]3([H])CC[C@]12C)[C@H](C)CCCC(C)C","HMDB0001170",65728,"C27H46O",386.35487,"11.14","NA","N",NA
"HGMG_0473","HGMS_0039","Berberine","COC1=CC=C2C=C3C4=CC5=C(OCO5)C=C4CC[N+]3=CC2=C1OC","HMDB0003409",2353,"C20H18NO4",336.12358,"NA","NA","N",NA
"HGMG_0474","HGMS_0039","Isovaleric acid","CC(C)CC(O)=O","HMDB0000718",10430,"C5H10O2",102.06808,"NA","NA","N",NA
"HGMG_0475","HGMS_0040","Carnitine","C[N+](C)(C)C[C@H](O)CC(O)=O","HMDB0000062",288,"C7H15NO3",NA,"0.88","4.2","Y",NA
"HGMG_0476","HGMS_0040","2,4-Diamino-6-hydroxypyrimidine","NC1=CC(=O)N=C(N)N1","HMDB0002128",1.35e+08,"C4H6N4O",126.05416,"0.89","2.46","Y",NA
"HGMG_0477","HGMS_0040","Urocanic acid","OC(=O)\C=C\C1=CNC=N1","HMDB0000301",736715,"C6H6N2O2",138.04293,"0.93","2.73","Y",NA
"HGMG_0478","HGMS_0040","Dihydroxyphenylalanine","NC(CC1=CC=C(O)C(O)=C1)C(O)=O","HMDB0000609",836,"C9H11NO4",197.06881,"0.98","NA","N",NA
"HGMG_0479","HGMS_0040","Diethylthiophosphate","CCOP(O)(=S)OCC","HMDB0001460",655,"C4H11O3PS",170.01665,"1.02","0.7","Y",NA
"HGMG_0480","HGMS_0040","Sinapic acid","COC1=CC(\C=C\C(O)=O)=CC(OC)=C1O","HMDB0032616",637775,"C11H12O5",224.06847,"3.75","1.07","Y",NA
"HGMG_0481","HGMS_0040","2,6-Dimethoxybenzoic acid","COC1=CC=CC(OC)=C1C(O)=O","HMDB0029273",15109,"C9H10O4",182.05791,"3.84","1.07","Y",NA
"HGMG_0482","HGMS_0040","Glycocholic acid","C[C@H](CCC(O)=NCC(O)=O)[C@H]1CC[C@H]2[C@@H]3[C@H](O)C[C@@H]4C[C@H](O)CC[C@]4(C)[C@H]3C[C@H](O)[C@]12C","HMDB0000138",10140,"C26H43NO6",465.30904,"5.66","0.94","Y",NA
"HGMG_0483","HGMS_0040","3-Hydroxybutyric acid","C[C@@H](O)CC(O)=O","HMDB0000357",441,"C4H8O3",104.04734,"NA","NA","N",NA
"HGMG_0484","HGMS_0040","4-Hydroxy-3-methylbenzoic acid","CC1=CC(=CC=C1O)C(O)=O","HMDB0004815",68138,"C8H8O3",152.04734,"NA","NA","N",NA
"HGMG_0485","HGMS_0040","5b-Cholestanol","[H][C@@]1(CC[C@@]2([H])[C@]3([H])CC[C@@]4([H])C[C@H](O)CC[C@]4(C)[C@@]3([H])CC[C@]12C)[C@H](C)CCCC(C)C","HMDB0001569",66066,"C27H48O",388.37052,"NA","NA","N",NA
"HGMG_0486","HGMS_0040","7-Methylguanosine","CN1C=[N+]([C@@H]2O[C@H](CO)[C@@H](O)[C@H]2O)C2=C1C(=O)N=C(N)N2","HMDB0001107",1.35e+08,"C11H16N5O5",298.11514,"NA","3.19","Y",NA
"HGMG_0487","HGMS_0040","Erucic acid","CCCCCCCC\C=C/CCCCCCCCCCCC(O)=O","HMDB0002068",5281116,"C22H42O2",338.31848,"NA","0.51","Y",NA
"HGMG_0488","HGMS_0040","GLYCERYL TRIPALMITATE","[H]C(COC(=O)CCCCCCCCCCCCCCC)(COC(=O)CCCCCCCCCCCCCCC)OC(=O)CCCCCCCCCCCCCCC","HMDB0005356",11147,"C51H98O6",806.73634,"NA","NA","N",NA
"HGMG_0489","HGMS_0040","Homocystine","NC(CCSSCCC(N)C(O)=O)C(O)=O","HMDB0000575",10010,"C8H16N2O4S2",NA,"NA","5.21","Y",NA
"HGMG_0490","HGMS_0041","Phosphonoacetate","OC(=O)CP(O)(O)=O","HMDB0004110",546,"C2H5O5P",139.98746,"0.89","3.55","Y",NA
"HGMG_0491","HGMS_0041","EPINEPHRINE","CNC[C@H](O)C1=CC(O)=C(O)C=C1","HMDB0000068",5816,"C9H13NO3",183.08954,"0.93","0.93","Y",NA
"HGMG_0492","HGMS_0041","Hydroxykynurenine","NC(CC(=O)C1=C(N)C(O)=CC=C1)C(O)=O","HMDB0000732",89,"C10H12N2O4",224.07971,"1.02","3.11","Y",NA
"HGMG_0493","HGMS_0041","Acetylcysteine","CC(=O)N[C@@H](CS)C(O)=O","HMDB0001890",12035,"C5H9NO3S",NA,"1.45","1.63","Y",NA
"HGMG_0494","HGMS_0041","Syringic acid","COC1=CC(=CC(OC)=C1O)C(O)=O","HMDB0002085",10742,"C9H10O5",198.05282,"3.06","1.3","Y",NA
"HGMG_0495","HGMS_0041","para-Anisic acid","COC1=CC=C(C=C1)C(O)=O","HMDB0001101",7478,"C8H8O3",152.04734,"4.42","1.3","Y",NA
"HGMG_0496","HGMS_0041","Glycyrrhetinic acid","CC1(C)[C@@H](O)CC[C@@]2(C)C1CC[C@]1(C)C2C(=O)C=C2C3C[C@](C)(CC[C@]3(C)CC[C@@]12C)C(O)=O","HMDB0011628",10114,"C30H46O4",470.33961,"8.17","0.56000000000000005","Y",NA
"HGMG_0497","HGMS_0041","alpha-Hydroxyisobutyric acid","CC(C)(O)C(O)=O","HMDB0000729",11671,"C4H8O3",104.04734,"NA","0.51","Y",NA
"HGMG_0498","HGMS_0041","Cholestanol","[H][C@@]1(CC[C@@]2([H])[C@]3([H])CC[C@@]4([H])C[C@@H](O)CC[C@]4(C)[C@@]3([H])CC[C@]12C)[C@H](C)CCCC(C)C","HMDB0000908",6665,"C27H48O",388.37052,"NA","NA","N",NA
"HGMG_0499","HGMS_0041","Fructose 1,6-bisphosphate","O[C@H]1[C@H](O)[C@@](O)(COP(O)(O)=O)O[C@@H]1COP(O)(O)=O","HMDB0001058",10267,"C6H14O12P2",NA,"NA","NA","N",NA
"HGMG_0500","HGMS_0041","Gallic acid","OC(=O)C1=CC(O)=C(O)C(O)=C1","HMDB0005807",370,"C7H6O5",170.02152,"NA","2.73","Y",NA
"HGMG_0501","HGMS_0041","Nonadecanoic acid","CCCCCCCCCCCCCCCCCCC(O)=O","HMDB0000772",12591,"C19H38O2",298.28718,"NA","NA","N",NA
"HGMG_0502","HGMS_0041","Octadecanol","CCCCCCCCCCCCCCCCCCO","HMDB0002350",8221,"C18H38O",270.29227,"NA","NA","N",NA
"HGMG_0503","HGMS_0041","Octaldehyde","CCCCCCCC=O","HMDB0001140",454,"C8H16O",128.12012,"NA","0.66","Y",NA
"HGMG_0504","HGMS_0042","DL-NORMETANEPHRINE","COC1=CC(=CC=C1O)C(O)CN","HMDB0000819",1237,"C9H13NO3",183.08954,"1.02","2.2200000000000002","Y",NA
"HGMG_0505","HGMS_0042","Pterin","NC1=NC2=NC=CN=C2C(=O)N1","HMDB0000802",1.35e+08,"C6H5N5O",163.04941,"1.03","2.13","Y",NA
"HGMG_0506","HGMS_0042","3-Nitrotyrosine","N[C@@H](CC1=CC=C(O)C(=C1)[N+]([O-])=O)C(O)=O","HMDB0001904",65124,"C9H10N2O5",226.05897,"1.04","3.72","Y",NA
"HGMG_0507","HGMS_0042","Folinic acid","NC1=NC(=O)C2=C(NC[C@H](CNC3=CC=C(C=C3)C(=O)N[C@@H](CCC(O)=O)C(O)=O)N2C=O)N1","HMDB0001562",1.35e+08,"C20H23N7O7",473.1659,"1.04","4.55","Y",NA
"HGMG_0508","HGMS_0042","Vanillin","COC1=CC(C=O)=CC=C1O","HMDB0012308",1183,"C8H8O3",152.04734,"3.6","0.57999999999999996","Y",NA
"HGMG_0509","HGMS_0042","Dextromethorphan","[H][C@@]12CCCC[C@@]11CCN(C)[C@@H]2CC2=C1C=C(OC)C=C2","HMDB0001920",5360696,"C18H25NO",271.19361,"4.95","0.94","Y",NA
"HGMG_0510","HGMS_0042","Canrenone","[H][C@@]12CC[C@@]3(CCC(=O)O3)[C@@]1(C)CC[C@@]1([H])[C@@]2([H])C=CC2=CC(=O)CC[C@]12C","HMDB0003033",13789,"C22H28O3",340.20384,"7.05","0.54","Y",NA
"HGMG_0511","HGMS_0042","7alpha-Hydroxy-3-oxo-5beta-cholan-24-oic acid","[H][C@@]1(CC[C@@]2([H])[C@]3([H])[C@H](O)C[C@]4([H])CC(=O)CC[C@]4(C)[C@@]3([H])CC[C@]12C)[C@H](C)CCC(O)=O","HMDB0000503",5283932,"C24H38O4",390.27701,"10.68","0.61","Y",NA
"HGMG_0512","HGMS_0042","(S)-3-Hydroxyisobutyric acid","C[C@@H](CO)C(O)=O","HMDB0000023",440873,"C4H8O3",104.04734,"NA","0.51","Y",NA
"HGMG_0513","HGMS_0042","2,3,4-Trihydroxybenzoic acid","OC(=O)C1=C(O)C(O)=C(O)C=C1","HMDB0059964",11874,"C7H6O5",170.02152,"NA","NA","N",NA
"HGMG_0514","HGMS_0042","Acetylphosphate","CC(=O)OP(O)(O)=O","HMDB0001494",186,"C2H5O5P",139.9875,"NA","NA","N",NA
"HGMG_0515","HGMS_0042","Arachidyl alcohol","CCCCCCCCCCCCCCCCCCCCO","HMDB0011619",12404,"C20H42O",298.32357,"NA","NA","N",NA
"HGMG_0516","HGMS_0042","Citraconic acid","C\C(=C\C(O)=O)C(O)=O","HMDB0000634",643798,"C5H6O4",NA,"NA","NA","N",NA
"HGMG_0517","HGMS_0042","Vanillylmandelic acid","COC1=C(O)C=CC(=C1)[C@H](O)C(O)=O","HMDB0000291",1245,"C9H10O5",NA,"NA","NA","N",NA
"HGMG_0518","HGMS_0043","2-Hydroxycinnamic acid","OC(=O)\C=C\C1=C(O)C=CC=C1","HMDB0002641",637540,"C9H8O3",164.04734,"4.21","1.3","Y",NA
"HGMG_0519","HGMS_0043","Sebacic acid","OC(=O)CCCCCCCCC(O)=O","HMDB0000792",5192,"C10H18O4",202.12051,"4.68","2.59","Y",NA
"HGMG_0520","HGMS_0043","Naringenin","OC1=CC=C(C=C1)[C@@H]1CC(=O)C2=C(O1)C=C(O)C=C2O","HMDB0002670",439246,"C15H12O5",272.06847,"5.54","0.67","Y",NA
"HGMG_0521","HGMS_0043","Traumatic acid","OC(=O)CCCCCCCC\C=C\C(O)=O","HMDB0000933",5283028,"C12H20O4",228.13616,"5.56","1.75","Y",NA
"HGMG_0522","HGMS_0043","Vitamin K3","CC1=CC(=O)C2=CC=CC=C2C1=O","HMDB0001892",4055,"C11H8O2",172.05243,"6.14","NA","N",NA
"HGMG_0523","HGMS_0043","Loperamide","CN(C)C(=O)C(CCN1CCC(O)(CC1)C1=CC=C(Cl)C=C1)(C1=CC=CC=C1)C1=CC=CC=C1","HMDB0004999",3955,"C29H33N2O2Cl",476.22306,"6.7","0.56999999999999995","Y",NA
"HGMG_0524","HGMS_0043","Nutriacholic acid","[H][C@@]12CCC([C@@H](C)CCC(O)=O)[C@@]1(C)CC[C@@]1([H])[C@@]2([H])C(=O)C[C@]2([H])C[C@H](O)CC[C@]12C","HMDB0000467",444262,"C24H38O4",390.27701,"6.81","0.65","Y",NA
"HGMG_0525","HGMS_0043","Perillyl alcohol","CC(=C)C1CCC(CO)=CC1","HMDB0003634",10819,"C10H16O",152.12012,"6.86","0.54","Y",NA
"HGMG_0526","HGMS_0043","Sphingosine","CCCCCCCCCCCCC\C=C\[C@@H](O)[C@@H](N)CO","HMDB0000252",5280335,"C18H37NO2",299.28243,"7.45","0.56999999999999995","Y",NA
"HGMG_0527","HGMS_0043","3,4-Dihydroxymandelic acid","OC(C(O)=O)C1=CC=C(O)C(O)=C1","HMDB0001866",85782,"C8H8O5",184.03718,"NA","NA","N",NA
"HGMG_0528","HGMS_0043","Alloxan","O=C1NC(=O)C(=O)C(=O)N1","HMDB0002818",5781,"C4H2N2O4",142.00146,"NA","NA","N",NA
"HGMG_0529","HGMS_0043","Behenic acid","CCCCCCCCCCCCCCCCCCCCCC(O)=O","HMDB0000944",8215,"C22H44O2",340.33413,"NA","NA","N",NA
"HGMG_0530","HGMS_0043","CHOLINE","C[N+](C)(C)CCO","HMDB0000097",305,"C5H14NO",104.10754,"NA","NA","N",NA
"HGMG_0531","HGMS_0043","HEPTANOIC ACID","CCCCCCC(O)=O","HMDB0000666",8094,"C7H14O2",130.09938,"NA","0.63","Y",NA
